file,line,type,commit,date,time,timezone,datetime,author,depth,length
contact/index.html,12,html,c9a3c5af474048340cf68cc46b94de5ab7530ace,2026-04-03,13:17:42,-0700,2026-04-03T13:17:42-07:00,shreybe,0,111
contact/index.html,13,html,c9a3c5af474048340cf68cc46b94de5ab7530ace,2026-04-03,13:17:42,-0700,2026-04-03T13:17:42-07:00,shreybe,0,68
contact/index.html,14,html,fccd7ecaf3133d94ef29345f1dcc614d9a7a0c00,2026-04-03,13:05:59,-0700,2026-04-03T13:05:59-07:00,shreybe,0,7
contact/index.html,15,html,fccd7ecaf3133d94ef29345f1dcc614d9a7a0c00,2026-04-03,13:05:59,-0700,2026-04-03T13:05:59-07:00,shreybe,0,6
contact/index.html,16,html,c9a3c5af474048340cf68cc46b94de5ab7530ace,2026-04-03,13:17:42,-0700,2026-04-03T13:17:42-07:00,shreybe,0,91
contact/index.html,17,html,fccd7ecaf3133d94ef29345f1dcc614d9a7a0c00,2026-04-03,13:05:59,-0700,2026-04-03T13:05:59-07:00,shreybe,0,8
contact/index.html,18,html,fccd7ecaf3133d94ef29345f1dcc614d9a7a0c00,2026-04-03,13:05:59,-0700,2026-04-03T13:05:59-07:00,shreybe,0,7
contact/index.html,19,html,fccd7ecaf3133d94ef29345f1dcc614d9a7a0c00,2026-04-03,13:05:59,-0700,2026-04-03T13:05:59-07:00,shreybe,0,8
contact/index.html,20,html,c9a3c5af474048340cf68cc46b94de5ab7530ace,2026-04-03,13:17:42,-0700,2026-04-03T13:17:42-07:00,shreybe,0,70
contact/index.html,21,html,fccd7ecaf3133d94ef29345f1dcc614d9a7a0c00,2026-04-03,13:05:59,-0700,2026-04-03T13:05:59-07:00,shreybe,0,8
contact/index.html,22,html,3124886630a9d06ccc55567c7385b61f12868531,2026-04-10,11:59:31,-0700,2026-04-10T11:59:31-07:00,shreybe,0,7
contact/index.html,23,html,fccd7ecaf3133d94ef29345f1dcc614d9a7a0c00,2026-04-03,13:05:59,-0700,2026-04-03T13:05:59-07:00,shreybe,0,5
contact/index.html,24,html,c9a3c5af474048340cf68cc46b94de5ab7530ace,2026-04-03,13:17:42,-0700,2026-04-03T13:17:42-07:00,shreybe,0,89
contact/index.html,25,html,fccd7ecaf3133d94ef29345f1dcc614d9a7a0c00,2026-04-03,13:05:59,-0700,2026-04-03T13:05:59-07:00,shreybe,0,8
contact/index.html,26,html,3124886630a9d06ccc55567c7385b61f12868531,2026-04-10,11:59:31,-0700,2026-04-10T11:59:31-07:00,shreybe,0,37
contact/index.html,28,html,c9a3c5af474048340cf68cc46b94de5ab7530ace,2026-04-03,13:17:42,-0700,2026-04-03T13:17:42-07:00,shreybe,0,0
contact/index.html,29,html,006fe0ebf9b86dabc2a201503fb1df74d030f624,2026-04-17,10:48:25,-0700,2026-04-17T10:48:25-07:00,shreybe,0,50
cv/index.html,9,html,3124886630a9d06ccc55567c7385b61f12868531,2026-04-10,11:59:31,-0700,2026-04-10T11:59:31-07:00,shreybe,0,22
cv/index.html,10,html,1ed9d0ea25cb5d1f9ca3748e1a614c2cb132283e,2026-04-03,12:36:51,-0700,2026-04-03T12:36:51-07:00,shreybe,0,28
cv/index.html,11,html,1ed9d0ea25cb5d1f9ca3748e1a614c2cb132283e,2026-04-03,12:36:51,-0700,2026-04-03T12:36:51-07:00,shreybe,0,69
cv/index.html,16,html,1ed9d0ea25cb5d1f9ca3748e1a614c2cb132283e,2026-04-03,12:36:51,-0700,2026-04-03T12:36:51-07:00,shreybe,0,87
cv/index.html,17,html,1ed9d0ea25cb5d1f9ca3748e1a614c2cb132283e,2026-04-03,12:36:51,-0700,2026-04-03T12:36:51-07:00,shreybe,0,87
cv/index.html,18,html,1ed9d0ea25cb5d1f9ca3748e1a614c2cb132283e,2026-04-03,12:36:51,-0700,2026-04-03T12:36:51-07:00,shreybe,0,92
cv/index.html,19,html,1ed9d0ea25cb5d1f9ca3748e1a614c2cb132283e,2026-04-03,12:36:51,-0700,2026-04-03T12:36:51-07:00,shreybe,0,20
cv/index.html,28,html,1ed9d0ea25cb5d1f9ca3748e1a614c2cb132283e,2026-04-03,12:36:51,-0700,2026-04-03T12:36:51-07:00,shreybe,0,31
cv/index.html,30,html,1ed9d0ea25cb5d1f9ca3748e1a614c2cb132283e,2026-04-03,12:36:51,-0700,2026-04-03T12:36:51-07:00,shreybe,0,103
cv/index.html,34,html,1ed9d0ea25cb5d1f9ca3748e1a614c2cb132283e,2026-04-03,12:36:51,-0700,2026-04-03T12:36:51-07:00,shreybe,0,23
cv/index.html,35,html,1ed9d0ea25cb5d1f9ca3748e1a614c2cb132283e,2026-04-03,12:36:51,-0700,2026-04-03T12:36:51-07:00,shreybe,0,28
cv/index.html,38,html,1ed9d0ea25cb5d1f9ca3748e1a614c2cb132283e,2026-04-03,12:36:51,-0700,2026-04-03T12:36:51-07:00,shreybe,0,48
cv/index.html,40,html,1ed9d0ea25cb5d1f9ca3748e1a614c2cb132283e,2026-04-03,12:36:51,-0700,2026-04-03T12:36:51-07:00,shreybe,0,23
cv/index.html,41,html,1ed9d0ea25cb5d1f9ca3748e1a614c2cb132283e,2026-04-03,12:36:51,-0700,2026-04-03T12:36:51-07:00,shreybe,0,43
cv/index.html,44,html,1ed9d0ea25cb5d1f9ca3748e1a614c2cb132283e,2026-04-03,12:36:51,-0700,2026-04-03T12:36:51-07:00,shreybe,0,3
cv/index.html,45,html,1ed9d0ea25cb5d1f9ca3748e1a614c2cb132283e,2026-04-03,12:36:51,-0700,2026-04-03T12:36:51-07:00,shreybe,0,89
cv/index.html,46,html,1ed9d0ea25cb5d1f9ca3748e1a614c2cb132283e,2026-04-03,12:36:51,-0700,2026-04-03T12:36:51-07:00,shreybe,0,36
cv/index.html,47,html,1ed9d0ea25cb5d1f9ca3748e1a614c2cb132283e,2026-04-03,12:36:51,-0700,2026-04-03T12:36:51-07:00,shreybe,0,4
cv/index.html,49,html,1ed9d0ea25cb5d1f9ca3748e1a614c2cb132283e,2026-04-03,12:36:51,-0700,2026-04-03T12:36:51-07:00,shreybe,0,4
cv/index.html,50,html,1ed9d0ea25cb5d1f9ca3748e1a614c2cb132283e,2026-04-03,12:36:51,-0700,2026-04-03T12:36:51-07:00,shreybe,0,85
cv/index.html,51,html,1ed9d0ea25cb5d1f9ca3748e1a614c2cb132283e,2026-04-03,12:36:51,-0700,2026-04-03T12:36:51-07:00,shreybe,0,43
cv/index.html,52,html,1ed9d0ea25cb5d1f9ca3748e1a614c2cb132283e,2026-04-03,12:36:51,-0700,2026-04-03T12:36:51-07:00,shreybe,0,5
cv/index.html,53,html,1ed9d0ea25cb5d1f9ca3748e1a614c2cb132283e,2026-04-03,12:36:51,-0700,2026-04-03T12:36:51-07:00,shreybe,0,4
cv/index.html,54,html,1ed9d0ea25cb5d1f9ca3748e1a614c2cb132283e,2026-04-03,12:36:51,-0700,2026-04-03T12:36:51-07:00,shreybe,0,86
cv/index.html,55,html,1ed9d0ea25cb5d1f9ca3748e1a614c2cb132283e,2026-04-03,12:36:51,-0700,2026-04-03T12:36:51-07:00,shreybe,0,85
cv/index.html,56,html,1ed9d0ea25cb5d1f9ca3748e1a614c2cb132283e,2026-04-03,12:36:51,-0700,2026-04-03T12:36:51-07:00,shreybe,0,78
cv/index.html,57,html,1ed9d0ea25cb5d1f9ca3748e1a614c2cb132283e,2026-04-03,12:36:51,-0700,2026-04-03T12:36:51-07:00,shreybe,0,5
cv/index.html,58,html,1ed9d0ea25cb5d1f9ca3748e1a614c2cb132283e,2026-04-03,12:36:51,-0700,2026-04-03T12:36:51-07:00,shreybe,0,4
cv/index.html,59,html,1ed9d0ea25cb5d1f9ca3748e1a614c2cb132283e,2026-04-03,12:36:51,-0700,2026-04-03T12:36:51-07:00,shreybe,0,86
cv/index.html,60,html,1ed9d0ea25cb5d1f9ca3748e1a614c2cb132283e,2026-04-03,12:36:51,-0700,2026-04-03T12:36:51-07:00,shreybe,0,48
cv/index.html,61,html,1ed9d0ea25cb5d1f9ca3748e1a614c2cb132283e,2026-04-03,12:36:51,-0700,2026-04-03T12:36:51-07:00,shreybe,0,5
cv/index.html,66,html,1ed9d0ea25cb5d1f9ca3748e1a614c2cb132283e,2026-04-03,12:36:51,-0700,2026-04-03T12:36:51-07:00,shreybe,0,23
cv/index.html,67,html,1ed9d0ea25cb5d1f9ca3748e1a614c2cb132283e,2026-04-03,12:36:51,-0700,2026-04-03T12:36:51-07:00,shreybe,0,26
cv/index.html,68,html,1ed9d0ea25cb5d1f9ca3748e1a614c2cb132283e,2026-04-03,12:36:51,-0700,2026-04-03T12:36:51-07:00,shreybe,0,4
cv/index.html,69,html,1ed9d0ea25cb5d1f9ca3748e1a614c2cb132283e,2026-04-03,12:36:51,-0700,2026-04-03T12:36:51-07:00,shreybe,0,4
cv/index.html,70,html,1ed9d0ea25cb5d1f9ca3748e1a614c2cb132283e,2026-04-03,12:36:51,-0700,2026-04-03T12:36:51-07:00,shreybe,0,83
cv/index.html,71,html,1ed9d0ea25cb5d1f9ca3748e1a614c2cb132283e,2026-04-03,12:36:51,-0700,2026-04-03T12:36:51-07:00,shreybe,0,80
cv/index.html,72,html,1ed9d0ea25cb5d1f9ca3748e1a614c2cb132283e,2026-04-03,12:36:51,-0700,2026-04-03T12:36:51-07:00,shreybe,0,114
cv/index.html,73,html,1ed9d0ea25cb5d1f9ca3748e1a614c2cb132283e,2026-04-03,12:36:51,-0700,2026-04-03T12:36:51-07:00,shreybe,0,5
cv/index.html,74,html,1ed9d0ea25cb5d1f9ca3748e1a614c2cb132283e,2026-04-03,12:36:51,-0700,2026-04-03T12:36:51-07:00,shreybe,0,4
cv/index.html,75,html,1ed9d0ea25cb5d1f9ca3748e1a614c2cb132283e,2026-04-03,12:36:51,-0700,2026-04-03T12:36:51-07:00,shreybe,0,66
cv/index.html,76,html,1ed9d0ea25cb5d1f9ca3748e1a614c2cb132283e,2026-04-03,12:36:51,-0700,2026-04-03T12:36:51-07:00,shreybe,0,5
cv/index.html,77,html,1ed9d0ea25cb5d1f9ca3748e1a614c2cb132283e,2026-04-03,12:36:51,-0700,2026-04-03T12:36:51-07:00,shreybe,0,5
cv/index.html,78,html,1ed9d0ea25cb5d1f9ca3748e1a614c2cb132283e,2026-04-03,12:36:51,-0700,2026-04-03T12:36:51-07:00,shreybe,0,10
cv/index.html,79,html,1ed9d0ea25cb5d1f9ca3748e1a614c2cb132283e,2026-04-03,12:36:51,-0700,2026-04-03T12:36:51-07:00,shreybe,0,0
cv/index.html,83,html,1ed9d0ea25cb5d1f9ca3748e1a614c2cb132283e,2026-04-03,12:36:51,-0700,2026-04-03T12:36:51-07:00,shreybe,0,4
cv/index.html,84,html,1ed9d0ea25cb5d1f9ca3748e1a614c2cb132283e,2026-04-03,12:36:51,-0700,2026-04-03T12:36:51-07:00,shreybe,0,89
cv/index.html,85,html,1ed9d0ea25cb5d1f9ca3748e1a614c2cb132283e,2026-04-03,12:36:51,-0700,2026-04-03T12:36:51-07:00,shreybe,0,29
cv/index.html,86,html,1ed9d0ea25cb5d1f9ca3748e1a614c2cb132283e,2026-04-03,12:36:51,-0700,2026-04-03T12:36:51-07:00,shreybe,0,5
cv/index.html,87,html,1ed9d0ea25cb5d1f9ca3748e1a614c2cb132283e,2026-04-03,12:36:51,-0700,2026-04-03T12:36:51-07:00,shreybe,0,4
cv/index.html,88,html,1ed9d0ea25cb5d1f9ca3748e1a614c2cb132283e,2026-04-03,12:36:51,-0700,2026-04-03T12:36:51-07:00,shreybe,0,85
cv/index.html,89,html,1ed9d0ea25cb5d1f9ca3748e1a614c2cb132283e,2026-04-03,12:36:51,-0700,2026-04-03T12:36:51-07:00,shreybe,0,93
cv/index.html,90,html,1ed9d0ea25cb5d1f9ca3748e1a614c2cb132283e,2026-04-03,12:36:51,-0700,2026-04-03T12:36:51-07:00,shreybe,0,58
cv/index.html,91,html,1ed9d0ea25cb5d1f9ca3748e1a614c2cb132283e,2026-04-03,12:36:51,-0700,2026-04-03T12:36:51-07:00,shreybe,0,5
cv/index.html,98,html,1ed9d0ea25cb5d1f9ca3748e1a614c2cb132283e,2026-04-03,12:36:51,-0700,2026-04-03T12:36:51-07:00,shreybe,0,47
cv/index.html,99,html,1ed9d0ea25cb5d1f9ca3748e1a614c2cb132283e,2026-04-03,12:36:51,-0700,2026-04-03T12:36:51-07:00,shreybe,0,1
cv/index.html,100,html,1ed9d0ea25cb5d1f9ca3748e1a614c2cb132283e,2026-04-03,12:36:51,-0700,2026-04-03T12:36:51-07:00,shreybe,0,112
cv/index.html,103,html,006fe0ebf9b86dabc2a201503fb1df74d030f624,2026-04-17,10:48:25,-0700,2026-04-17T10:48:25-07:00,shreybe,0,50
global.js,1,js,4bc2f53717488bb9dd7ee8ac6b06f7171c32c39b,2026-04-23,11:23:35,-0700,2026-04-23T11:23:35-07:00,shreybe,0,27
global.js,2,js,4bc2f53717488bb9dd7ee8ac6b06f7171c32c39b,2026-04-23,11:23:35,-0700,2026-04-23T11:23:35-07:00,shreybe,0,0
global.js,3,js,4bc2f53717488bb9dd7ee8ac6b06f7171c32c39b,2026-04-23,11:23:35,-0700,2026-04-23T11:23:35-07:00,shreybe,0,72
global.js,4,js,4bc2f53717488bb9dd7ee8ac6b06f7171c32c39b,2026-04-23,11:23:35,-0700,2026-04-23T11:23:35-07:00,shreybe,0,17
global.js,5,js,4bc2f53717488bb9dd7ee8ac6b06f7171c32c39b,2026-04-23,11:23:35,-0700,2026-04-23T11:23:35-07:00,shreybe,0,70
global.js,6,js,4bc2f53717488bb9dd7ee8ac6b06f7171c32c39b,2026-04-23,11:23:35,-0700,2026-04-23T11:23:35-07:00,shreybe,0,5
global.js,7,js,4bc2f53717488bb9dd7ee8ac6b06f7171c32c39b,2026-04-23,11:23:35,-0700,2026-04-23T11:23:35-07:00,shreybe,0,22
global.js,8,js,4bc2f53717488bb9dd7ee8ac6b06f7171c32c39b,2026-04-23,11:23:35,-0700,2026-04-23T11:23:35-07:00,shreybe,0,0
global.js,9,js,4bc2f53717488bb9dd7ee8ac6b06f7171c32c39b,2026-04-23,11:23:35,-0700,2026-04-23T11:23:35-07:00,shreybe,0,15
global.js,10,js,4bc2f53717488bb9dd7ee8ac6b06f7171c32c39b,2026-04-23,11:23:35,-0700,2026-04-23T11:23:35-07:00,shreybe,0,27
global.js,11,js,4bc2f53717488bb9dd7ee8ac6b06f7171c32c39b,2026-04-23,11:23:35,-0700,2026-04-23T11:23:35-07:00,shreybe,0,40
global.js,12,js,4bc2f53717488bb9dd7ee8ac6b06f7171c32c39b,2026-04-23,11:23:35,-0700,2026-04-23T11:23:35-07:00,shreybe,0,28
global.js,13,js,4bc2f53717488bb9dd7ee8ac6b06f7171c32c39b,2026-04-23,11:23:35,-0700,2026-04-23T11:23:35-07:00,shreybe,0,38
global.js,14,js,4bc2f53717488bb9dd7ee8ac6b06f7171c32c39b,2026-04-23,11:23:35,-0700,2026-04-23T11:23:35-07:00,shreybe,0,55
global.js,15,js,4bc2f53717488bb9dd7ee8ac6b06f7171c32c39b,2026-04-23,11:23:35,-0700,2026-04-23T11:23:35-07:00,shreybe,0,2
global.js,16,js,4bc2f53717488bb9dd7ee8ac6b06f7171c32c39b,2026-04-23,11:23:35,-0700,2026-04-23T11:23:35-07:00,shreybe,0,0
global.js,17,js,4bc2f53717488bb9dd7ee8ac6b06f7171c32c39b,2026-04-23,11:23:35,-0700,2026-04-23T11:23:35-07:00,shreybe,0,29
global.js,18,js,4bc2f53717488bb9dd7ee8ac6b06f7171c32c39b,2026-04-23,11:23:35,-0700,2026-04-23T11:23:35-07:00,shreybe,0,43
global.js,19,js,4bc2f53717488bb9dd7ee8ac6b06f7171c32c39b,2026-04-23,11:23:35,-0700,2026-04-23T11:23:35-07:00,shreybe,0,31
global.js,20,js,4bc2f53717488bb9dd7ee8ac6b06f7171c32c39b,2026-04-23,11:23:35,-0700,2026-04-23T11:23:35-07:00,shreybe,0,64
global.js,21,js,4bc2f53717488bb9dd7ee8ac6b06f7171c32c39b,2026-04-23,11:23:35,-0700,2026-04-23T11:23:35-07:00,shreybe,0,70
global.js,22,js,4bc2f53717488bb9dd7ee8ac6b06f7171c32c39b,2026-04-23,11:23:35,-0700,2026-04-23T11:23:35-07:00,shreybe,0,1
global.js,23,js,4bc2f53717488bb9dd7ee8ac6b06f7171c32c39b,2026-04-23,11:23:35,-0700,2026-04-23T11:23:35-07:00,shreybe,0,0
global.js,24,js,4bc2f53717488bb9dd7ee8ac6b06f7171c32c39b,2026-04-23,11:23:35,-0700,2026-04-23T11:23:35-07:00,shreybe,0,33
global.js,25,js,4bc2f53717488bb9dd7ee8ac6b06f7171c32c39b,2026-04-23,11:23:35,-0700,2026-04-23T11:23:35-07:00,shreybe,0,13
global.js,26,js,4bc2f53717488bb9dd7ee8ac6b06f7171c32c39b,2026-04-23,11:23:35,-0700,2026-04-23T11:23:35-07:00,shreybe,0,29
global.js,27,js,4bc2f53717488bb9dd7ee8ac6b06f7171c32c39b,2026-04-23,11:23:35,-0700,2026-04-23T11:23:35-07:00,shreybe,0,6
global.js,28,js,4bc2f53717488bb9dd7ee8ac6b06f7171c32c39b,2026-04-23,11:23:35,-0700,2026-04-23T11:23:35-07:00,shreybe,0,8
global.js,29,js,4bc2f53717488bb9dd7ee8ac6b06f7171c32c39b,2026-04-23,11:23:35,-0700,2026-04-23T11:23:35-07:00,shreybe,0,45
global.js,30,js,4bc2f53717488bb9dd7ee8ac6b06f7171c32c39b,2026-04-23,11:23:35,-0700,2026-04-23T11:23:35-07:00,shreybe,0,36
global.js,31,js,4bc2f53717488bb9dd7ee8ac6b06f7171c32c39b,2026-04-23,11:23:35,-0700,2026-04-23T11:23:35-07:00,shreybe,0,34
global.js,32,js,4bc2f53717488bb9dd7ee8ac6b06f7171c32c39b,2026-04-23,11:23:35,-0700,2026-04-23T11:23:35-07:00,shreybe,0,9
global.js,33,js,4bc2f53717488bb9dd7ee8ac6b06f7171c32c39b,2026-04-23,11:23:35,-0700,2026-04-23T11:23:35-07:00,shreybe,0,10
global.js,34,js,4bc2f53717488bb9dd7ee8ac6b06f7171c32c39b,2026-04-23,11:23:35,-0700,2026-04-23T11:23:35-07:00,shreybe,0,2
global.js,35,js,4bc2f53717488bb9dd7ee8ac6b06f7171c32c39b,2026-04-23,11:23:35,-0700,2026-04-23T11:23:35-07:00,shreybe,0,0
global.js,36,js,4bc2f53717488bb9dd7ee8ac6b06f7171c32c39b,2026-04-23,11:23:35,-0700,2026-04-23T11:23:35-07:00,shreybe,0,42
global.js,37,js,4bc2f53717488bb9dd7ee8ac6b06f7171c32c39b,2026-04-23,11:23:35,-0700,2026-04-23T11:23:35-07:00,shreybe,0,27
global.js,38,js,4bc2f53717488bb9dd7ee8ac6b06f7171c32c39b,2026-04-23,11:23:35,-0700,2026-04-23T11:23:35-07:00,shreybe,0,0
global.js,39,js,4bc2f53717488bb9dd7ee8ac6b06f7171c32c39b,2026-04-23,11:23:35,-0700,2026-04-23T11:23:35-07:00,shreybe,0,27
global.js,40,js,4bc2f53717488bb9dd7ee8ac6b06f7171c32c39b,2026-04-23,11:23:35,-0700,2026-04-23T11:23:35-07:00,shreybe,0,74
global.js,41,js,4bc2f53717488bb9dd7ee8ac6b06f7171c32c39b,2026-04-23,11:23:35,-0700,2026-04-23T11:23:35-07:00,shreybe,0,38
global.js,42,js,4bc2f53717488bb9dd7ee8ac6b06f7171c32c39b,2026-04-23,11:23:35,-0700,2026-04-23T11:23:35-07:00,shreybe,0,13
global.js,43,js,4bc2f53717488bb9dd7ee8ac6b06f7171c32c39b,2026-04-23,11:23:35,-0700,2026-04-23T11:23:35-07:00,shreybe,0,27
global.js,44,js,4bc2f53717488bb9dd7ee8ac6b06f7171c32c39b,2026-04-23,11:23:35,-0700,2026-04-23T11:23:35-07:00,shreybe,0,50
global.js,45,js,4bc2f53717488bb9dd7ee8ac6b06f7171c32c39b,2026-04-23,11:23:35,-0700,2026-04-23T11:23:35-07:00,shreybe,0,31
global.js,46,js,4bc2f53717488bb9dd7ee8ac6b06f7171c32c39b,2026-04-23,11:23:35,-0700,2026-04-23T11:23:35-07:00,shreybe,0,20
global.js,47,js,4bc2f53717488bb9dd7ee8ac6b06f7171c32c39b,2026-04-23,11:23:35,-0700,2026-04-23T11:23:35-07:00,shreybe,0,30
global.js,48,js,4bc2f53717488bb9dd7ee8ac6b06f7171c32c39b,2026-04-23,11:23:35,-0700,2026-04-23T11:23:35-07:00,shreybe,0,1
global.js,49,js,4bc2f53717488bb9dd7ee8ac6b06f7171c32c39b,2026-04-23,11:23:35,-0700,2026-04-23T11:23:35-07:00,shreybe,0,14
global.js,50,js,4bc2f53717488bb9dd7ee8ac6b06f7171c32c39b,2026-04-23,11:23:35,-0700,2026-04-23T11:23:35-07:00,shreybe,0,1
global.js,51,js,4bc2f53717488bb9dd7ee8ac6b06f7171c32c39b,2026-04-23,11:23:35,-0700,2026-04-23T11:23:35-07:00,shreybe,0,0
global.js,52,js,4bc2f53717488bb9dd7ee8ac6b06f7171c32c39b,2026-04-23,11:23:35,-0700,2026-04-23T11:23:35-07:00,shreybe,0,32
global.js,53,js,4bc2f53717488bb9dd7ee8ac6b06f7171c32c39b,2026-04-23,11:23:35,-0700,2026-04-23T11:23:35-07:00,shreybe,0,66
global.js,54,js,4bc2f53717488bb9dd7ee8ac6b06f7171c32c39b,2026-04-23,11:23:35,-0700,2026-04-23T11:23:35-07:00,shreybe,0,67
global.js,55,js,4bc2f53717488bb9dd7ee8ac6b06f7171c32c39b,2026-04-23,11:23:35,-0700,2026-04-23T11:23:35-07:00,shreybe,0,43
global.js,56,js,4bc2f53717488bb9dd7ee8ac6b06f7171c32c39b,2026-04-23,11:23:35,-0700,2026-04-23T11:23:35-07:00,shreybe,0,1
global.js,57,js,4bc2f53717488bb9dd7ee8ac6b06f7171c32c39b,2026-04-23,11:23:35,-0700,2026-04-23T11:23:35-07:00,shreybe,0,0
global.js,58,js,4bc2f53717488bb9dd7ee8ac6b06f7171c32c39b,2026-04-23,11:23:35,-0700,2026-04-23T11:23:35-07:00,shreybe,0,67
global.js,59,js,4bc2f53717488bb9dd7ee8ac6b06f7171c32c39b,2026-04-23,11:23:35,-0700,2026-04-23T11:23:35-07:00,shreybe,0,36
global.js,60,js,4bc2f53717488bb9dd7ee8ac6b06f7171c32c39b,2026-04-23,11:23:35,-0700,2026-04-23T11:23:35-07:00,shreybe,0,41
global.js,61,js,4bc2f53717488bb9dd7ee8ac6b06f7171c32c39b,2026-04-23,11:23:35,-0700,2026-04-23T11:23:35-07:00,shreybe,0,8
global.js,62,js,4bc2f53717488bb9dd7ee8ac6b06f7171c32c39b,2026-04-23,11:23:35,-0700,2026-04-23T11:23:35-07:00,shreybe,0,29
global.js,63,js,4bc2f53717488bb9dd7ee8ac6b06f7171c32c39b,2026-04-23,11:23:35,-0700,2026-04-23T11:23:35-07:00,shreybe,0,1
global.js,64,js,4bc2f53717488bb9dd7ee8ac6b06f7171c32c39b,2026-04-23,11:23:35,-0700,2026-04-23T11:23:35-07:00,shreybe,0,0
global.js,65,js,4bc2f53717488bb9dd7ee8ac6b06f7171c32c39b,2026-04-23,11:23:35,-0700,2026-04-23T11:23:35-07:00,shreybe,0,51
global.js,66,js,4bc2f53717488bb9dd7ee8ac6b06f7171c32c39b,2026-04-23,11:23:35,-0700,2026-04-23T11:23:35-07:00,shreybe,0,33
global.js,67,js,4bc2f53717488bb9dd7ee8ac6b06f7171c32c39b,2026-04-23,11:23:35,-0700,2026-04-23T11:23:35-07:00,shreybe,0,22
global.js,68,js,4bc2f53717488bb9dd7ee8ac6b06f7171c32c39b,2026-04-23,11:23:35,-0700,2026-04-23T11:23:35-07:00,shreybe,0,33
global.js,69,js,4bc2f53717488bb9dd7ee8ac6b06f7171c32c39b,2026-04-23,11:23:35,-0700,2026-04-23T11:23:35-07:00,shreybe,0,3
global.js,70,js,4bc2f53717488bb9dd7ee8ac6b06f7171c32c39b,2026-04-23,11:23:35,-0700,2026-04-23T11:23:35-07:00,shreybe,0,0
global.js,71,js,4bc2f53717488bb9dd7ee8ac6b06f7171c32c39b,2026-04-23,11:23:35,-0700,2026-04-23T11:23:35-07:00,shreybe,0,60
global.js,72,js,4bc2f53717488bb9dd7ee8ac6b06f7171c32c39b,2026-04-23,11:23:35,-0700,2026-04-23T11:23:35-07:00,shreybe,0,52
global.js,73,js,4bc2f53717488bb9dd7ee8ac6b06f7171c32c39b,2026-04-23,11:23:35,-0700,2026-04-23T11:23:35-07:00,shreybe,0,23
global.js,74,js,4bc2f53717488bb9dd7ee8ac6b06f7171c32c39b,2026-04-23,11:23:35,-0700,2026-04-23T11:23:35-07:00,shreybe,0,26
global.js,75,js,4bc2f53717488bb9dd7ee8ac6b06f7171c32c39b,2026-04-23,11:23:35,-0700,2026-04-23T11:23:35-07:00,shreybe,0,43
global.js,76,js,4bc2f53717488bb9dd7ee8ac6b06f7171c32c39b,2026-04-23,11:23:35,-0700,2026-04-23T11:23:35-07:00,shreybe,0,47
global.js,77,js,4bc2f53717488bb9dd7ee8ac6b06f7171c32c39b,2026-04-23,11:23:35,-0700,2026-04-23T11:23:35-07:00,shreybe,0,41
global.js,78,js,4bc2f53717488bb9dd7ee8ac6b06f7171c32c39b,2026-04-23,11:23:35,-0700,2026-04-23T11:23:35-07:00,shreybe,0,28
global.js,79,js,4bc2f53717488bb9dd7ee8ac6b06f7171c32c39b,2026-04-23,11:23:35,-0700,2026-04-23T11:23:35-07:00,shreybe,0,22
global.js,80,js,4bc2f53717488bb9dd7ee8ac6b06f7171c32c39b,2026-04-23,11:23:35,-0700,2026-04-23T11:23:35-07:00,shreybe,0,7
global.js,81,js,4bc2f53717488bb9dd7ee8ac6b06f7171c32c39b,2026-04-23,11:23:35,-0700,2026-04-23T11:23:35-07:00,shreybe,0,1
global.js,82,js,4bc2f53717488bb9dd7ee8ac6b06f7171c32c39b,2026-04-23,11:23:35,-0700,2026-04-23T11:23:35-07:00,shreybe,0,32
global.js,83,js,4bc2f53717488bb9dd7ee8ac6b06f7171c32c39b,2026-04-23,11:23:35,-0700,2026-04-23T11:23:35-07:00,shreybe,0,32
global.js,84,js,52880af3d422c1639fb7c593f5506cb17a819c65,2026-04-23,11:51:10,-0700,2026-04-23T11:51:10-07:00,shreybe,0,17
global.js,85,js,4bc2f53717488bb9dd7ee8ac6b06f7171c32c39b,2026-04-23,11:23:35,-0700,2026-04-23T11:23:35-07:00,shreybe,0,36
global.js,86,js,4bc2f53717488bb9dd7ee8ac6b06f7171c32c39b,2026-04-23,11:23:35,-0700,2026-04-23T11:23:35-07:00,shreybe,0,30
global.js,87,js,52880af3d422c1639fb7c593f5506cb17a819c65,2026-04-23,11:51:10,-0700,2026-04-23T11:51:10-07:00,shreybe,0,27
global.js,88,js,4bc2f53717488bb9dd7ee8ac6b06f7171c32c39b,2026-04-23,11:23:35,-0700,2026-04-23T11:23:35-07:00,shreybe,0,0
global.js,89,js,4bc2f53717488bb9dd7ee8ac6b06f7171c32c39b,2026-04-23,11:23:35,-0700,2026-04-23T11:23:35-07:00,shreybe,0,41
global.js,90,js,4bc2f53717488bb9dd7ee8ac6b06f7171c32c39b,2026-04-23,11:23:35,-0700,2026-04-23T11:23:35-07:00,shreybe,0,103
global.js,91,js,4bc2f53717488bb9dd7ee8ac6b06f7171c32c39b,2026-04-23,11:23:35,-0700,2026-04-23T11:23:35-07:00,shreybe,0,28
global.js,92,js,4bc2f53717488bb9dd7ee8ac6b06f7171c32c39b,2026-04-23,11:23:35,-0700,2026-04-23T11:23:35-07:00,shreybe,0,27
global.js,93,js,4bc2f53717488bb9dd7ee8ac6b06f7171c32c39b,2026-04-23,11:23:35,-0700,2026-04-23T11:23:35-07:00,shreybe,0,13
global.js,94,js,4bc2f53717488bb9dd7ee8ac6b06f7171c32c39b,2026-04-23,11:23:35,-0700,2026-04-23T11:23:35-07:00,shreybe,0,14
global.js,95,js,4bc2f53717488bb9dd7ee8ac6b06f7171c32c39b,2026-04-23,11:23:35,-0700,2026-04-23T11:23:35-07:00,shreybe,0,3
global.js,96,js,4bc2f53717488bb9dd7ee8ac6b06f7171c32c39b,2026-04-23,11:23:35,-0700,2026-04-23T11:23:35-07:00,shreybe,0,0
global.js,97,js,4bc2f53717488bb9dd7ee8ac6b06f7171c32c39b,2026-04-23,11:23:35,-0700,2026-04-23T11:23:35-07:00,shreybe,0,38
global.js,98,js,4bc2f53717488bb9dd7ee8ac6b06f7171c32c39b,2026-04-23,11:23:35,-0700,2026-04-23T11:23:35-07:00,shreybe,0,5
global.js,99,js,4bc2f53717488bb9dd7ee8ac6b06f7171c32c39b,2026-04-23,11:23:35,-0700,2026-04-23T11:23:35-07:00,shreybe,0,34
global.js,100,js,4bc2f53717488bb9dd7ee8ac6b06f7171c32c39b,2026-04-23,11:23:35,-0700,2026-04-23T11:23:35-07:00,shreybe,0,19
global.js,101,js,4bc2f53717488bb9dd7ee8ac6b06f7171c32c39b,2026-04-23,11:23:35,-0700,2026-04-23T11:23:35-07:00,shreybe,0,83
global.js,102,js,4bc2f53717488bb9dd7ee8ac6b06f7171c32c39b,2026-04-23,11:23:35,-0700,2026-04-23T11:23:35-07:00,shreybe,0,1
global.js,103,js,4bc2f53717488bb9dd7ee8ac6b06f7171c32c39b,2026-04-23,11:23:35,-0700,2026-04-23T11:23:35-07:00,shreybe,0,29
global.js,104,js,4bc2f53717488bb9dd7ee8ac6b06f7171c32c39b,2026-04-23,11:23:35,-0700,2026-04-23T11:23:35-07:00,shreybe,0,17
global.js,105,js,4bc2f53717488bb9dd7ee8ac6b06f7171c32c39b,2026-04-23,11:23:35,-0700,2026-04-23T11:23:35-07:00,shreybe,0,61
global.js,106,js,4bc2f53717488bb9dd7ee8ac6b06f7171c32c39b,2026-04-23,11:23:35,-0700,2026-04-23T11:23:35-07:00,shreybe,0,10
global.js,107,js,4bc2f53717488bb9dd7ee8ac6b06f7171c32c39b,2026-04-23,11:23:35,-0700,2026-04-23T11:23:35-07:00,shreybe,0,1
global.js,108,js,4bc2f53717488bb9dd7ee8ac6b06f7171c32c39b,2026-04-23,11:23:35,-0700,2026-04-23T11:23:35-07:00,shreybe,0,1
global.js,109,js,4bc2f53717488bb9dd7ee8ac6b06f7171c32c39b,2026-04-23,11:23:35,-0700,2026-04-23T11:23:35-07:00,shreybe,0,0
global.js,110,js,4bc2f53717488bb9dd7ee8ac6b06f7171c32c39b,2026-04-23,11:23:35,-0700,2026-04-23T11:23:35-07:00,shreybe,0,43
global.js,111,js,4bc2f53717488bb9dd7ee8ac6b06f7171c32c39b,2026-04-23,11:23:35,-0700,2026-04-23T11:23:35-07:00,shreybe,0,74
global.js,112,js,4bc2f53717488bb9dd7ee8ac6b06f7171c32c39b,2026-04-23,11:23:35,-0700,2026-04-23T11:23:35-07:00,shreybe,0,1
global.js,113,js,4bc2f53717488bb9dd7ee8ac6b06f7171c32c39b,2026-04-23,11:23:35,-0700,2026-04-23T11:23:35-07:00,shreybe,0,0
global.js,114,js,4bc2f53717488bb9dd7ee8ac6b06f7171c32c39b,2026-04-23,11:23:35,-0700,2026-04-23T11:23:35-07:00,shreybe,0,81
global.js,115,js,4bc2f53717488bb9dd7ee8ac6b06f7171c32c39b,2026-04-23,11:23:35,-0700,2026-04-23T11:23:35-07:00,shreybe,0,30
global.js,116,js,4bc2f53717488bb9dd7ee8ac6b06f7171c32c39b,2026-04-23,11:23:35,-0700,2026-04-23T11:23:35-07:00,shreybe,0,0
global.js,117,js,4bc2f53717488bb9dd7ee8ac6b06f7171c32c39b,2026-04-23,11:23:35,-0700,2026-04-23T11:23:35-07:00,shreybe,0,52
global.js,118,js,4bc2f53717488bb9dd7ee8ac6b06f7171c32c39b,2026-04-23,11:23:35,-0700,2026-04-23T11:23:35-07:00,shreybe,0,32
global.js,119,js,4bc2f53717488bb9dd7ee8ac6b06f7171c32c39b,2026-04-23,11:23:35,-0700,2026-04-23T11:23:35-07:00,shreybe,0,0
global.js,120,js,4bc2f53717488bb9dd7ee8ac6b06f7171c32c39b,2026-04-23,11:23:35,-0700,2026-04-23T11:23:35-07:00,shreybe,0,56
global.js,121,js,4bc2f53717488bb9dd7ee8ac6b06f7171c32c39b,2026-04-23,11:23:35,-0700,2026-04-23T11:23:35-07:00,shreybe,0,65
global.js,122,js,4bc2f53717488bb9dd7ee8ac6b06f7171c32c39b,2026-04-23,11:23:35,-0700,2026-04-23T11:23:35-07:00,shreybe,0,7
global.js,123,js,4bc2f53717488bb9dd7ee8ac6b06f7171c32c39b,2026-04-23,11:23:35,-0700,2026-04-23T11:23:35-07:00,shreybe,0,1
global.js,124,js,4bc2f53717488bb9dd7ee8ac6b06f7171c32c39b,2026-04-23,11:23:35,-0700,2026-04-23T11:23:35-07:00,shreybe,0,0
global.js,125,js,4bc2f53717488bb9dd7ee8ac6b06f7171c32c39b,2026-04-23,11:23:35,-0700,2026-04-23T11:23:35-07:00,shreybe,0,33
global.js,126,js,4bc2f53717488bb9dd7ee8ac6b06f7171c32c39b,2026-04-23,11:23:35,-0700,2026-04-23T11:23:35-07:00,shreybe,0,50
global.js,127,js,4bc2f53717488bb9dd7ee8ac6b06f7171c32c39b,2026-04-23,11:23:35,-0700,2026-04-23T11:23:35-07:00,shreybe,0,50
global.js,128,js,4bc2f53717488bb9dd7ee8ac6b06f7171c32c39b,2026-04-23,11:23:35,-0700,2026-04-23T11:23:35-07:00,shreybe,0,87
global.js,129,js,4bc2f53717488bb9dd7ee8ac6b06f7171c32c39b,2026-04-23,11:23:35,-0700,2026-04-23T11:23:35-07:00,shreybe,0,74
global.js,130,js,4bc2f53717488bb9dd7ee8ac6b06f7171c32c39b,2026-04-23,11:23:35,-0700,2026-04-23T11:23:35-07:00,shreybe,0,79
global.js,131,js,763d7f4a24569ae869820ab22b71eba79cc2435b,2026-05-05,21:11:20,-0700,2026-05-05T21:11:20-07:00,shreybe,0,76
global.js,132,js,763d7f4a24569ae869820ab22b71eba79cc2435b,2026-05-05,21:11:20,-0700,2026-05-05T21:11:20-07:00,shreybe,0,16
global.js,133,js,763d7f4a24569ae869820ab22b71eba79cc2435b,2026-05-05,21:11:20,-0700,2026-05-05T21:11:20-07:00,shreybe,0,95
global.js,134,js,763d7f4a24569ae869820ab22b71eba79cc2435b,2026-05-05,21:11:20,-0700,2026-05-05T21:11:20-07:00,shreybe,0,16
global.js,135,js,763d7f4a24569ae869820ab22b71eba79cc2435b,2026-05-05,21:11:20,-0700,2026-05-05T21:11:20-07:00,shreybe,0,63
global.js,136,js,763d7f4a24569ae869820ab22b71eba79cc2435b,2026-05-05,21:11:20,-0700,2026-05-05T21:11:20-07:00,shreybe,0,25
global.js,137,js,763d7f4a24569ae869820ab22b71eba79cc2435b,2026-05-05,21:11:20,-0700,2026-05-05T21:11:20-07:00,shreybe,0,17
global.js,138,js,763d7f4a24569ae869820ab22b71eba79cc2435b,2026-05-05,21:11:20,-0700,2026-05-05T21:11:20-07:00,shreybe,0,17
global.js,139,js,763d7f4a24569ae869820ab22b71eba79cc2435b,2026-05-05,21:11:20,-0700,2026-05-05T21:11:20-07:00,shreybe,0,19
global.js,140,js,763d7f4a24569ae869820ab22b71eba79cc2435b,2026-05-05,21:11:20,-0700,2026-05-05T21:11:20-07:00,shreybe,0,111
global.js,141,js,763d7f4a24569ae869820ab22b71eba79cc2435b,2026-05-05,21:11:20,-0700,2026-05-05T21:11:20-07:00,shreybe,0,5
global.js,142,js,4bc2f53717488bb9dd7ee8ac6b06f7171c32c39b,2026-04-23,11:23:35,-0700,2026-04-23T11:23:35-07:00,shreybe,0,0
global.js,143,js,4bc2f53717488bb9dd7ee8ac6b06f7171c32c39b,2026-04-23,11:23:35,-0700,2026-04-23T11:23:35-07:00,shreybe,0,21
global.js,144,js,4bc2f53717488bb9dd7ee8ac6b06f7171c32c39b,2026-04-23,11:23:35,-0700,2026-04-23T11:23:35-07:00,shreybe,0,39
global.js,145,js,4bc2f53717488bb9dd7ee8ac6b06f7171c32c39b,2026-04-23,11:23:35,-0700,2026-04-23T11:23:35-07:00,shreybe,0,35
global.js,146,js,054b76eeab62b63f8b33526eea3dbd3c01ca7eec,2026-05-01,16:05:33,-0700,2026-05-01T16:05:33-07:00,shreybe,0,29
global.js,147,js,054b76eeab62b63f8b33526eea3dbd3c01ca7eec,2026-05-01,16:05:33,-0700,2026-05-01T16:05:33-07:00,shreybe,0,21
global.js,148,js,763d7f4a24569ae869820ab22b71eba79cc2435b,2026-05-05,21:11:20,-0700,2026-05-05T21:11:20-07:00,shreybe,0,12
global.js,149,js,054b76eeab62b63f8b33526eea3dbd3c01ca7eec,2026-05-01,16:05:33,-0700,2026-05-01T16:05:33-07:00,shreybe,0,7
global.js,150,js,054b76eeab62b63f8b33526eea3dbd3c01ca7eec,2026-05-01,16:05:33,-0700,2026-05-01T16:05:33-07:00,shreybe,0,6
global.js,151,js,4bc2f53717488bb9dd7ee8ac6b06f7171c32c39b,2026-04-23,11:23:35,-0700,2026-04-23T11:23:35-07:00,shreybe,0,2
global.js,152,js,4bc2f53717488bb9dd7ee8ac6b06f7171c32c39b,2026-04-23,11:23:35,-0700,2026-04-23T11:23:35-07:00,shreybe,0,33
global.js,153,js,4bc2f53717488bb9dd7ee8ac6b06f7171c32c39b,2026-04-23,11:23:35,-0700,2026-04-23T11:23:35-07:00,shreybe,0,1
global.js,154,js,4bc2f53717488bb9dd7ee8ac6b06f7171c32c39b,2026-04-23,11:23:35,-0700,2026-04-23T11:23:35-07:00,shreybe,0,1
global.js,155,js,4bc2f53717488bb9dd7ee8ac6b06f7171c32c39b,2026-04-23,11:23:35,-0700,2026-04-23T11:23:35-07:00,shreybe,0,0
global.js,156,js,4bc2f53717488bb9dd7ee8ac6b06f7171c32c39b,2026-04-23,11:23:35,-0700,2026-04-23T11:23:35-07:00,shreybe,0,49
global.js,157,js,4bc2f53717488bb9dd7ee8ac6b06f7171c32c39b,2026-04-23,11:23:35,-0700,2026-04-23T11:23:35-07:00,shreybe,0,61
global.js,158,js,4bc2f53717488bb9dd7ee8ac6b06f7171c32c39b,2026-04-23,11:23:35,-0700,2026-04-23T11:23:35-07:00,shreybe,0,1
index.html,12,html,90ececc72d197d8bb00a850f7f626dacaacdb8d8,2026-04-03,13:31:31,-0700,2026-04-03T13:31:31-07:00,shreybe,0,109
index.html,13,html,1ed9d0ea25cb5d1f9ca3748e1a614c2cb132283e,2026-04-03,12:36:51,-0700,2026-04-03T12:36:51-07:00,shreybe,0,85
index.html,14,html,1ed9d0ea25cb5d1f9ca3748e1a614c2cb132283e,2026-04-03,12:36:51,-0700,2026-04-03T12:36:51-07:00,shreybe,0,93
index.html,15,html,1ed9d0ea25cb5d1f9ca3748e1a614c2cb132283e,2026-04-03,12:36:51,-0700,2026-04-03T12:36:51-07:00,shreybe,0,12
index.html,17,html,f0d01ee7561f2d62679f81fc0300f342f5ec9461,2026-04-03,13:10:51,-0700,2026-04-03T13:10:51-07:00,shreybe,0,4
index.html,18,html,c9a3c5af474048340cf68cc46b94de5ab7530ace,2026-04-03,13:17:42,-0700,2026-04-03T13:17:42-07:00,shreybe,0,21
index.html,19,html,f0d01ee7561f2d62679f81fc0300f342f5ec9461,2026-04-03,13:10:51,-0700,2026-04-03T13:10:51-07:00,shreybe,0,24
index.html,20,html,f0d01ee7561f2d62679f81fc0300f342f5ec9461,2026-04-03,13:10:51,-0700,2026-04-03T13:10:51-07:00,shreybe,0,12
index.html,21,html,f0d01ee7561f2d62679f81fc0300f342f5ec9461,2026-04-03,13:10:51,-0700,2026-04-03T13:10:51-07:00,shreybe,0,13
index.html,22,html,f0d01ee7561f2d62679f81fc0300f342f5ec9461,2026-04-03,13:10:51,-0700,2026-04-03T13:10:51-07:00,shreybe,0,37
index.html,23,html,f0d01ee7561f2d62679f81fc0300f342f5ec9461,2026-04-03,13:10:51,-0700,2026-04-03T13:10:51-07:00,shreybe,0,1
index.html,24,html,4bc2f53717488bb9dd7ee8ac6b06f7171c32c39b,2026-04-23,11:23:35,-0700,2026-04-23T11:23:35-07:00,shreybe,0,24
index.html,25,html,4bc2f53717488bb9dd7ee8ac6b06f7171c32c39b,2026-04-23,11:23:35,-0700,2026-04-23T11:23:35-07:00,shreybe,0,28
index.html,26,html,4bc2f53717488bb9dd7ee8ac6b06f7171c32c39b,2026-04-23,11:23:35,-0700,2026-04-23T11:23:35-07:00,shreybe,0,0
index.html,27,html,4bc2f53717488bb9dd7ee8ac6b06f7171c32c39b,2026-04-23,11:23:35,-0700,2026-04-23T11:23:35-07:00,shreybe,0,38
index.html,28,html,4bc2f53717488bb9dd7ee8ac6b06f7171c32c39b,2026-04-23,11:23:35,-0700,2026-04-23T11:23:35-07:00,shreybe,0,0
index.html,29,html,006fe0ebf9b86dabc2a201503fb1df74d030f624,2026-04-17,10:48:25,-0700,2026-04-17T10:48:25-07:00,shreybe,0,47
index.html,30,html,4bc2f53717488bb9dd7ee8ac6b06f7171c32c39b,2026-04-23,11:23:35,-0700,2026-04-23T11:23:35-07:00,shreybe,0,52
index.js,1,js,4bc2f53717488bb9dd7ee8ac6b06f7171c32c39b,2026-04-23,11:23:35,-0700,2026-04-23T11:23:35-07:00,shreybe,0,73
index.js,2,js,4bc2f53717488bb9dd7ee8ac6b06f7171c32c39b,2026-04-23,11:23:35,-0700,2026-04-23T11:23:35-07:00,shreybe,0,0
index.js,3,js,4bc2f53717488bb9dd7ee8ac6b06f7171c32c39b,2026-04-23,11:23:35,-0700,2026-04-23T11:23:35-07:00,shreybe,0,56
index.js,4,js,4bc2f53717488bb9dd7ee8ac6b06f7171c32c39b,2026-04-23,11:23:35,-0700,2026-04-23T11:23:35-07:00,shreybe,0,44
index.js,5,js,4bc2f53717488bb9dd7ee8ac6b06f7171c32c39b,2026-04-23,11:23:35,-0700,2026-04-23T11:23:35-07:00,shreybe,0,0
index.js,6,js,4bc2f53717488bb9dd7ee8ac6b06f7171c32c39b,2026-04-23,11:23:35,-0700,2026-04-23T11:23:35-07:00,shreybe,0,62
index.js,7,js,4bc2f53717488bb9dd7ee8ac6b06f7171c32c39b,2026-04-23,11:23:35,-0700,2026-04-23T11:23:35-07:00,shreybe,0,56
index.js,8,js,4bc2f53717488bb9dd7ee8ac6b06f7171c32c39b,2026-04-23,11:23:35,-0700,2026-04-23T11:23:35-07:00,shreybe,0,0
index.js,9,js,4bc2f53717488bb9dd7ee8ac6b06f7171c32c39b,2026-04-23,11:23:35,-0700,2026-04-23T11:23:35-07:00,shreybe,0,62
index.js,10,js,4bc2f53717488bb9dd7ee8ac6b06f7171c32c39b,2026-04-23,11:23:35,-0700,2026-04-23T11:23:35-07:00,shreybe,0,19
index.js,11,js,4bc2f53717488bb9dd7ee8ac6b06f7171c32c39b,2026-04-23,11:23:35,-0700,2026-04-23T11:23:35-07:00,shreybe,0,52
index.js,12,js,4bc2f53717488bb9dd7ee8ac6b06f7171c32c39b,2026-04-23,11:23:35,-0700,2026-04-23T11:23:35-07:00,shreybe,0,26
index.js,13,js,4bc2f53717488bb9dd7ee8ac6b06f7171c32c39b,2026-04-23,11:23:35,-0700,2026-04-23T11:23:35-07:00,shreybe,0,29
index.js,14,js,4bc2f53717488bb9dd7ee8ac6b06f7171c32c39b,2026-04-23,11:23:35,-0700,2026-04-23T11:23:35-07:00,shreybe,0,4
index.js,15,js,4bc2f53717488bb9dd7ee8ac6b06f7171c32c39b,2026-04-23,11:23:35,-0700,2026-04-23T11:23:35-07:00,shreybe,0,61
index.js,16,js,4bc2f53717488bb9dd7ee8ac6b06f7171c32c39b,2026-04-23,11:23:35,-0700,2026-04-23T11:23:35-07:00,shreybe,0,61
index.js,17,js,4bc2f53717488bb9dd7ee8ac6b06f7171c32c39b,2026-04-23,11:23:35,-0700,2026-04-23T11:23:35-07:00,shreybe,0,55
index.js,18,js,4bc2f53717488bb9dd7ee8ac6b06f7171c32c39b,2026-04-23,11:23:35,-0700,2026-04-23T11:23:35-07:00,shreybe,0,55
index.js,19,js,4bc2f53717488bb9dd7ee8ac6b06f7171c32c39b,2026-04-23,11:23:35,-0700,2026-04-23T11:23:35-07:00,shreybe,0,5
index.js,20,js,4bc2f53717488bb9dd7ee8ac6b06f7171c32c39b,2026-04-23,11:23:35,-0700,2026-04-23T11:23:35-07:00,shreybe,0,2
index.js,21,js,4bc2f53717488bb9dd7ee8ac6b06f7171c32c39b,2026-04-23,11:23:35,-0700,2026-04-23T11:23:35-07:00,shreybe,0,1
lib/projects.json,1,json,4bc2f53717488bb9dd7ee8ac6b06f7171c32c39b,2026-04-23,11:23:35,-0700,2026-04-23T11:23:35-07:00,shreybe,0,1
lib/projects.json,2,json,763d7f4a24569ae869820ab22b71eba79cc2435b,2026-05-05,21:11:20,-0700,2026-05-05T21:11:20-07:00,shreybe,0,1
lib/projects.json,3,json,763d7f4a24569ae869820ab22b71eba79cc2435b,2026-05-05,21:11:20,-0700,2026-05-05T21:11:20-07:00,shreybe,0,55
lib/projects.json,4,json,763d7f4a24569ae869820ab22b71eba79cc2435b,2026-05-05,21:11:20,-0700,2026-05-05T21:11:20-07:00,shreybe,0,13
lib/projects.json,5,json,763d7f4a24569ae869820ab22b71eba79cc2435b,2026-05-05,21:11:20,-0700,2026-05-05T21:11:20-07:00,shreybe,0,65
lib/projects.json,6,json,763d7f4a24569ae869820ab22b71eba79cc2435b,2026-05-05,21:11:20,-0700,2026-05-05T21:11:20-07:00,shreybe,0,169
lib/projects.json,7,json,763d7f4a24569ae869820ab22b71eba79cc2435b,2026-05-05,21:11:20,-0700,2026-05-05T21:11:20-07:00,shreybe,0,33
lib/projects.json,8,json,763d7f4a24569ae869820ab22b71eba79cc2435b,2026-05-05,21:11:20,-0700,2026-05-05T21:11:20-07:00,shreybe,0,31
lib/projects.json,9,json,763d7f4a24569ae869820ab22b71eba79cc2435b,2026-05-05,21:11:20,-0700,2026-05-05T21:11:20-07:00,shreybe,0,2
lib/projects.json,10,json,4bc2f53717488bb9dd7ee8ac6b06f7171c32c39b,2026-04-23,11:23:35,-0700,2026-04-23T11:23:35-07:00,shreybe,0,1
lib/projects.json,11,json,4bc2f53717488bb9dd7ee8ac6b06f7171c32c39b,2026-04-23,11:23:35,-0700,2026-04-23T11:23:35-07:00,shreybe,0,66
lib/projects.json,12,json,d0a7f759bf2b406bf00bd9a3b35bb9bd6637d4fa,2026-04-23,11:32:33,-0700,2026-04-23T11:32:33-07:00,shreybe,0,13
lib/projects.json,13,json,4bc2f53717488bb9dd7ee8ac6b06f7171c32c39b,2026-04-23,11:23:35,-0700,2026-04-23T11:23:35-07:00,shreybe,0,65
lib/projects.json,14,json,4bc2f53717488bb9dd7ee8ac6b06f7171c32c39b,2026-04-23,11:23:35,-0700,2026-04-23T11:23:35-07:00,shreybe,0,232
lib/projects.json,15,json,4bc2f53717488bb9dd7ee8ac6b06f7171c32c39b,2026-04-23,11:23:35,-0700,2026-04-23T11:23:35-07:00,shreybe,0,2
lib/projects.json,16,json,4bc2f53717488bb9dd7ee8ac6b06f7171c32c39b,2026-04-23,11:23:35,-0700,2026-04-23T11:23:35-07:00,shreybe,0,1
lib/projects.json,17,json,4bc2f53717488bb9dd7ee8ac6b06f7171c32c39b,2026-04-23,11:23:35,-0700,2026-04-23T11:23:35-07:00,shreybe,0,48
lib/projects.json,18,json,d0a7f759bf2b406bf00bd9a3b35bb9bd6637d4fa,2026-04-23,11:32:33,-0700,2026-04-23T11:32:33-07:00,shreybe,0,13
lib/projects.json,19,json,4bc2f53717488bb9dd7ee8ac6b06f7171c32c39b,2026-04-23,11:23:35,-0700,2026-04-23T11:23:35-07:00,shreybe,0,65
lib/projects.json,20,json,4bc2f53717488bb9dd7ee8ac6b06f7171c32c39b,2026-04-23,11:23:35,-0700,2026-04-23T11:23:35-07:00,shreybe,0,182
lib/projects.json,21,json,4bc2f53717488bb9dd7ee8ac6b06f7171c32c39b,2026-04-23,11:23:35,-0700,2026-04-23T11:23:35-07:00,shreybe,0,2
lib/projects.json,22,json,4bc2f53717488bb9dd7ee8ac6b06f7171c32c39b,2026-04-23,11:23:35,-0700,2026-04-23T11:23:35-07:00,shreybe,0,1
lib/projects.json,23,json,e3e9ac92eb310048295f770aff9ca6fdf4d419e5,2026-04-23,11:38:55,-0700,2026-04-23T11:38:55-07:00,shreybe,0,29
lib/projects.json,24,json,d0a7f759bf2b406bf00bd9a3b35bb9bd6637d4fa,2026-04-23,11:32:33,-0700,2026-04-23T11:32:33-07:00,shreybe,0,13
lib/projects.json,25,json,4bc2f53717488bb9dd7ee8ac6b06f7171c32c39b,2026-04-23,11:23:35,-0700,2026-04-23T11:23:35-07:00,shreybe,0,65
lib/projects.json,26,json,4bc2f53717488bb9dd7ee8ac6b06f7171c32c39b,2026-04-23,11:23:35,-0700,2026-04-23T11:23:35-07:00,shreybe,0,134
lib/projects.json,27,json,4bc2f53717488bb9dd7ee8ac6b06f7171c32c39b,2026-04-23,11:23:35,-0700,2026-04-23T11:23:35-07:00,shreybe,0,2
lib/projects.json,28,json,4bc2f53717488bb9dd7ee8ac6b06f7171c32c39b,2026-04-23,11:23:35,-0700,2026-04-23T11:23:35-07:00,shreybe,0,1
lib/projects.json,29,json,4bc2f53717488bb9dd7ee8ac6b06f7171c32c39b,2026-04-23,11:23:35,-0700,2026-04-23T11:23:35-07:00,shreybe,0,43
lib/projects.json,30,json,d0a7f759bf2b406bf00bd9a3b35bb9bd6637d4fa,2026-04-23,11:32:33,-0700,2026-04-23T11:32:33-07:00,shreybe,0,13
lib/projects.json,31,json,4bc2f53717488bb9dd7ee8ac6b06f7171c32c39b,2026-04-23,11:23:35,-0700,2026-04-23T11:23:35-07:00,shreybe,0,65
lib/projects.json,32,json,4bc2f53717488bb9dd7ee8ac6b06f7171c32c39b,2026-04-23,11:23:35,-0700,2026-04-23T11:23:35-07:00,shreybe,0,134
lib/projects.json,33,json,4bc2f53717488bb9dd7ee8ac6b06f7171c32c39b,2026-04-23,11:23:35,-0700,2026-04-23T11:23:35-07:00,shreybe,0,2
lib/projects.json,34,json,4bc2f53717488bb9dd7ee8ac6b06f7171c32c39b,2026-04-23,11:23:35,-0700,2026-04-23T11:23:35-07:00,shreybe,0,1
lib/projects.json,35,json,4bc2f53717488bb9dd7ee8ac6b06f7171c32c39b,2026-04-23,11:23:35,-0700,2026-04-23T11:23:35-07:00,shreybe,0,51
lib/projects.json,36,json,d0a7f759bf2b406bf00bd9a3b35bb9bd6637d4fa,2026-04-23,11:32:33,-0700,2026-04-23T11:32:33-07:00,shreybe,0,13
lib/projects.json,37,json,4bc2f53717488bb9dd7ee8ac6b06f7171c32c39b,2026-04-23,11:23:35,-0700,2026-04-23T11:23:35-07:00,shreybe,0,65
lib/projects.json,38,json,4bc2f53717488bb9dd7ee8ac6b06f7171c32c39b,2026-04-23,11:23:35,-0700,2026-04-23T11:23:35-07:00,shreybe,0,151
lib/projects.json,39,json,4bc2f53717488bb9dd7ee8ac6b06f7171c32c39b,2026-04-23,11:23:35,-0700,2026-04-23T11:23:35-07:00,shreybe,0,2
lib/projects.json,40,json,4bc2f53717488bb9dd7ee8ac6b06f7171c32c39b,2026-04-23,11:23:35,-0700,2026-04-23T11:23:35-07:00,shreybe,0,1
lib/projects.json,41,json,4bc2f53717488bb9dd7ee8ac6b06f7171c32c39b,2026-04-23,11:23:35,-0700,2026-04-23T11:23:35-07:00,shreybe,0,42
lib/projects.json,42,json,d0a7f759bf2b406bf00bd9a3b35bb9bd6637d4fa,2026-04-23,11:32:33,-0700,2026-04-23T11:32:33-07:00,shreybe,0,13
lib/projects.json,43,json,4bc2f53717488bb9dd7ee8ac6b06f7171c32c39b,2026-04-23,11:23:35,-0700,2026-04-23T11:23:35-07:00,shreybe,0,65
lib/projects.json,44,json,4bc2f53717488bb9dd7ee8ac6b06f7171c32c39b,2026-04-23,11:23:35,-0700,2026-04-23T11:23:35-07:00,shreybe,0,133
lib/projects.json,45,json,4bc2f53717488bb9dd7ee8ac6b06f7171c32c39b,2026-04-23,11:23:35,-0700,2026-04-23T11:23:35-07:00,shreybe,0,2
lib/projects.json,46,json,4bc2f53717488bb9dd7ee8ac6b06f7171c32c39b,2026-04-23,11:23:35,-0700,2026-04-23T11:23:35-07:00,shreybe,0,1
lib/projects.json,47,json,4bc2f53717488bb9dd7ee8ac6b06f7171c32c39b,2026-04-23,11:23:35,-0700,2026-04-23T11:23:35-07:00,shreybe,0,41
lib/projects.json,48,json,d0a7f759bf2b406bf00bd9a3b35bb9bd6637d4fa,2026-04-23,11:32:33,-0700,2026-04-23T11:32:33-07:00,shreybe,0,13
lib/projects.json,49,json,4bc2f53717488bb9dd7ee8ac6b06f7171c32c39b,2026-04-23,11:23:35,-0700,2026-04-23T11:23:35-07:00,shreybe,0,65
lib/projects.json,50,json,4bc2f53717488bb9dd7ee8ac6b06f7171c32c39b,2026-04-23,11:23:35,-0700,2026-04-23T11:23:35-07:00,shreybe,0,122
lib/projects.json,51,json,4bc2f53717488bb9dd7ee8ac6b06f7171c32c39b,2026-04-23,11:23:35,-0700,2026-04-23T11:23:35-07:00,shreybe,0,2
lib/projects.json,52,json,4bc2f53717488bb9dd7ee8ac6b06f7171c32c39b,2026-04-23,11:23:35,-0700,2026-04-23T11:23:35-07:00,shreybe,0,1
lib/projects.json,53,json,4bc2f53717488bb9dd7ee8ac6b06f7171c32c39b,2026-04-23,11:23:35,-0700,2026-04-23T11:23:35-07:00,shreybe,0,43
lib/projects.json,54,json,d0a7f759bf2b406bf00bd9a3b35bb9bd6637d4fa,2026-04-23,11:32:33,-0700,2026-04-23T11:32:33-07:00,shreybe,0,13
lib/projects.json,55,json,4bc2f53717488bb9dd7ee8ac6b06f7171c32c39b,2026-04-23,11:23:35,-0700,2026-04-23T11:23:35-07:00,shreybe,0,65
lib/projects.json,56,json,4bc2f53717488bb9dd7ee8ac6b06f7171c32c39b,2026-04-23,11:23:35,-0700,2026-04-23T11:23:35-07:00,shreybe,0,124
lib/projects.json,57,json,4bc2f53717488bb9dd7ee8ac6b06f7171c32c39b,2026-04-23,11:23:35,-0700,2026-04-23T11:23:35-07:00,shreybe,0,2
lib/projects.json,58,json,4bc2f53717488bb9dd7ee8ac6b06f7171c32c39b,2026-04-23,11:23:35,-0700,2026-04-23T11:23:35-07:00,shreybe,0,1
lib/projects.json,59,json,4bc2f53717488bb9dd7ee8ac6b06f7171c32c39b,2026-04-23,11:23:35,-0700,2026-04-23T11:23:35-07:00,shreybe,0,42
lib/projects.json,60,json,d0a7f759bf2b406bf00bd9a3b35bb9bd6637d4fa,2026-04-23,11:32:33,-0700,2026-04-23T11:32:33-07:00,shreybe,0,13
lib/projects.json,61,json,4bc2f53717488bb9dd7ee8ac6b06f7171c32c39b,2026-04-23,11:23:35,-0700,2026-04-23T11:23:35-07:00,shreybe,0,65
lib/projects.json,62,json,4bc2f53717488bb9dd7ee8ac6b06f7171c32c39b,2026-04-23,11:23:35,-0700,2026-04-23T11:23:35-07:00,shreybe,0,136
lib/projects.json,63,json,4bc2f53717488bb9dd7ee8ac6b06f7171c32c39b,2026-04-23,11:23:35,-0700,2026-04-23T11:23:35-07:00,shreybe,0,2
lib/projects.json,64,json,4bc2f53717488bb9dd7ee8ac6b06f7171c32c39b,2026-04-23,11:23:35,-0700,2026-04-23T11:23:35-07:00,shreybe,0,1
lib/projects.json,65,json,4bc2f53717488bb9dd7ee8ac6b06f7171c32c39b,2026-04-23,11:23:35,-0700,2026-04-23T11:23:35-07:00,shreybe,0,45
lib/projects.json,66,json,d0a7f759bf2b406bf00bd9a3b35bb9bd6637d4fa,2026-04-23,11:32:33,-0700,2026-04-23T11:32:33-07:00,shreybe,0,13
lib/projects.json,67,json,4bc2f53717488bb9dd7ee8ac6b06f7171c32c39b,2026-04-23,11:23:35,-0700,2026-04-23T11:23:35-07:00,shreybe,0,65
lib/projects.json,68,json,4bc2f53717488bb9dd7ee8ac6b06f7171c32c39b,2026-04-23,11:23:35,-0700,2026-04-23T11:23:35-07:00,shreybe,0,136
lib/projects.json,69,json,4bc2f53717488bb9dd7ee8ac6b06f7171c32c39b,2026-04-23,11:23:35,-0700,2026-04-23T11:23:35-07:00,shreybe,0,2
lib/projects.json,70,json,4bc2f53717488bb9dd7ee8ac6b06f7171c32c39b,2026-04-23,11:23:35,-0700,2026-04-23T11:23:35-07:00,shreybe,0,1
lib/projects.json,71,json,4bc2f53717488bb9dd7ee8ac6b06f7171c32c39b,2026-04-23,11:23:35,-0700,2026-04-23T11:23:35-07:00,shreybe,0,46
lib/projects.json,72,json,d0a7f759bf2b406bf00bd9a3b35bb9bd6637d4fa,2026-04-23,11:32:33,-0700,2026-04-23T11:32:33-07:00,shreybe,0,13
lib/projects.json,73,json,4bc2f53717488bb9dd7ee8ac6b06f7171c32c39b,2026-04-23,11:23:35,-0700,2026-04-23T11:23:35-07:00,shreybe,0,65
lib/projects.json,74,json,4bc2f53717488bb9dd7ee8ac6b06f7171c32c39b,2026-04-23,11:23:35,-0700,2026-04-23T11:23:35-07:00,shreybe,0,124
lib/projects.json,75,json,4bc2f53717488bb9dd7ee8ac6b06f7171c32c39b,2026-04-23,11:23:35,-0700,2026-04-23T11:23:35-07:00,shreybe,0,2
lib/projects.json,76,json,4bc2f53717488bb9dd7ee8ac6b06f7171c32c39b,2026-04-23,11:23:35,-0700,2026-04-23T11:23:35-07:00,shreybe,0,1
lib/projects.json,77,json,4bc2f53717488bb9dd7ee8ac6b06f7171c32c39b,2026-04-23,11:23:35,-0700,2026-04-23T11:23:35-07:00,shreybe,0,44
lib/projects.json,78,json,d0a7f759bf2b406bf00bd9a3b35bb9bd6637d4fa,2026-04-23,11:32:33,-0700,2026-04-23T11:32:33-07:00,shreybe,0,13
lib/projects.json,79,json,4bc2f53717488bb9dd7ee8ac6b06f7171c32c39b,2026-04-23,11:23:35,-0700,2026-04-23T11:23:35-07:00,shreybe,0,65
lib/projects.json,80,json,4bc2f53717488bb9dd7ee8ac6b06f7171c32c39b,2026-04-23,11:23:35,-0700,2026-04-23T11:23:35-07:00,shreybe,0,136
lib/projects.json,81,json,4bc2f53717488bb9dd7ee8ac6b06f7171c32c39b,2026-04-23,11:23:35,-0700,2026-04-23T11:23:35-07:00,shreybe,0,1
lib/projects.json,82,json,4bc2f53717488bb9dd7ee8ac6b06f7171c32c39b,2026-04-23,11:23:35,-0700,2026-04-23T11:23:35-07:00,shreybe,0,1
projects/index.html,1,html,4bc2f53717488bb9dd7ee8ac6b06f7171c32c39b,2026-04-23,11:23:35,-0700,2026-04-23T11:23:35-07:00,shreybe,0,15
projects/index.html,2,html,4bc2f53717488bb9dd7ee8ac6b06f7171c32c39b,2026-04-23,11:23:35,-0700,2026-04-23T11:23:35-07:00,shreybe,0,16
projects/index.html,3,html,4bc2f53717488bb9dd7ee8ac6b06f7171c32c39b,2026-04-23,11:23:35,-0700,2026-04-23T11:23:35-07:00,shreybe,0,6
projects/index.html,4,html,4bc2f53717488bb9dd7ee8ac6b06f7171c32c39b,2026-04-23,11:23:35,-0700,2026-04-23T11:23:35-07:00,shreybe,0,22
projects/index.html,5,html,4bc2f53717488bb9dd7ee8ac6b06f7171c32c39b,2026-04-23,11:23:35,-0700,2026-04-23T11:23:35-07:00,shreybe,0,70
projects/index.html,6,html,4bc2f53717488bb9dd7ee8ac6b06f7171c32c39b,2026-04-23,11:23:35,-0700,2026-04-23T11:23:35-07:00,shreybe,0,48
projects/index.html,7,html,4bc2f53717488bb9dd7ee8ac6b06f7171c32c39b,2026-04-23,11:23:35,-0700,2026-04-23T11:23:35-07:00,shreybe,0,43
projects/index.html,8,html,4bc2f53717488bb9dd7ee8ac6b06f7171c32c39b,2026-04-23,11:23:35,-0700,2026-04-23T11:23:35-07:00,shreybe,0,7
projects/index.html,9,html,4bc2f53717488bb9dd7ee8ac6b06f7171c32c39b,2026-04-23,11:23:35,-0700,2026-04-23T11:23:35-07:00,shreybe,0,6
projects/index.html,10,html,4bc2f53717488bb9dd7ee8ac6b06f7171c32c39b,2026-04-23,11:23:35,-0700,2026-04-23T11:23:35-07:00,shreybe,0,43
projects/index.html,11,html,054b76eeab62b63f8b33526eea3dbd3c01ca7eec,2026-05-01,16:05:33,-0700,2026-05-01T16:05:33-07:00,shreybe,0,0
projects/index.html,12,html,054b76eeab62b63f8b33526eea3dbd3c01ca7eec,2026-05-01,16:05:33,-0700,2026-05-01T16:05:33-07:00,shreybe,0,26
projects/index.html,13,html,054b76eeab62b63f8b33526eea3dbd3c01ca7eec,2026-05-01,16:05:33,-0700,2026-05-01T16:05:33-07:00,shreybe,0,100
projects/index.html,14,html,054b76eeab62b63f8b33526eea3dbd3c01ca7eec,2026-05-01,16:05:33,-0700,2026-05-01T16:05:33-07:00,shreybe,0,61
projects/index.html,15,html,054b76eeab62b63f8b33526eea3dbd3c01ca7eec,2026-05-01,16:05:33,-0700,2026-05-01T16:05:33-07:00,shreybe,0,6
projects/index.html,16,html,054b76eeab62b63f8b33526eea3dbd3c01ca7eec,2026-05-01,16:05:33,-0700,2026-05-01T16:05:33-07:00,shreybe,0,0
projects/index.html,17,html,054b76eeab62b63f8b33526eea3dbd3c01ca7eec,2026-05-01,16:05:33,-0700,2026-05-01T16:05:33-07:00,shreybe,0,6
projects/index.html,18,html,054b76eeab62b63f8b33526eea3dbd3c01ca7eec,2026-05-01,16:05:33,-0700,2026-05-01T16:05:33-07:00,shreybe,0,17
projects/index.html,19,html,054b76eeab62b63f8b33526eea3dbd3c01ca7eec,2026-05-01,16:05:33,-0700,2026-05-01T16:05:33-07:00,shreybe,0,13
projects/index.html,20,html,054b76eeab62b63f8b33526eea3dbd3c01ca7eec,2026-05-01,16:05:33,-0700,2026-05-01T16:05:33-07:00,shreybe,0,28
projects/index.html,21,html,054b76eeab62b63f8b33526eea3dbd3c01ca7eec,2026-05-01,16:05:33,-0700,2026-05-01T16:05:33-07:00,shreybe,0,32
projects/index.html,22,html,054b76eeab62b63f8b33526eea3dbd3c01ca7eec,2026-05-01,16:05:33,-0700,2026-05-01T16:05:33-07:00,shreybe,0,1
projects/index.html,23,html,054b76eeab62b63f8b33526eea3dbd3c01ca7eec,2026-05-01,16:05:33,-0700,2026-05-01T16:05:33-07:00,shreybe,0,0
projects/index.html,24,html,4bc2f53717488bb9dd7ee8ac6b06f7171c32c39b,2026-04-23,11:23:35,-0700,2026-04-23T11:23:35-07:00,shreybe,0,28
projects/index.html,25,html,4bc2f53717488bb9dd7ee8ac6b06f7171c32c39b,2026-04-23,11:23:35,-0700,2026-04-23T11:23:35-07:00,shreybe,0,0
projects/index.html,26,html,4bc2f53717488bb9dd7ee8ac6b06f7171c32c39b,2026-04-23,11:23:35,-0700,2026-04-23T11:23:35-07:00,shreybe,0,50
projects/index.html,27,html,4bc2f53717488bb9dd7ee8ac6b06f7171c32c39b,2026-04-23,11:23:35,-0700,2026-04-23T11:23:35-07:00,shreybe,0,49
projects/index.html,28,html,4bc2f53717488bb9dd7ee8ac6b06f7171c32c39b,2026-04-23,11:23:35,-0700,2026-04-23T11:23:35-07:00,shreybe,0,7
projects/index.html,29,html,4bc2f53717488bb9dd7ee8ac6b06f7171c32c39b,2026-04-23,11:23:35,-0700,2026-04-23T11:23:35-07:00,shreybe,0,7
projects/projects.js,1,js,054b76eeab62b63f8b33526eea3dbd3c01ca7eec,2026-05-01,16:05:33,-0700,2026-05-01T16:05:33-07:00,shreybe,0,65
projects/projects.js,2,js,4bc2f53717488bb9dd7ee8ac6b06f7171c32c39b,2026-04-23,11:23:35,-0700,2026-04-23T11:23:35-07:00,shreybe,0,57
projects/projects.js,3,js,4bc2f53717488bb9dd7ee8ac6b06f7171c32c39b,2026-04-23,11:23:35,-0700,2026-04-23T11:23:35-07:00,shreybe,0,0
projects/projects.js,4,js,4bc2f53717488bb9dd7ee8ac6b06f7171c32c39b,2026-04-23,11:23:35,-0700,2026-04-23T11:23:35-07:00,shreybe,0,57
projects/projects.js,5,js,4bc2f53717488bb9dd7ee8ac6b06f7171c32c39b,2026-04-23,11:23:35,-0700,2026-04-23T11:23:35-07:00,shreybe,0,62
projects/projects.js,6,js,054b76eeab62b63f8b33526eea3dbd3c01ca7eec,2026-05-01,16:05:33,-0700,2026-05-01T16:05:33-07:00,shreybe,0,64
projects/projects.js,7,js,054b76eeab62b63f8b33526eea3dbd3c01ca7eec,2026-05-01,16:05:33,-0700,2026-05-01T16:05:33-07:00,shreybe,0,57
projects/projects.js,8,js,4bc2f53717488bb9dd7ee8ac6b06f7171c32c39b,2026-04-23,11:23:35,-0700,2026-04-23T11:23:35-07:00,shreybe,0,0
projects/projects.js,9,js,054b76eeab62b63f8b33526eea3dbd3c01ca7eec,2026-05-01,16:05:33,-0700,2026-05-01T16:05:33-07:00,shreybe,0,15
projects/projects.js,10,js,054b76eeab62b63f8b33526eea3dbd3c01ca7eec,2026-05-01,16:05:33,-0700,2026-05-01T16:05:33-07:00,shreybe,0,24
projects/projects.js,11,js,054b76eeab62b63f8b33526eea3dbd3c01ca7eec,2026-05-01,16:05:33,-0700,2026-05-01T16:05:33-07:00,shreybe,0,23
projects/projects.js,12,js,4bc2f53717488bb9dd7ee8ac6b06f7171c32c39b,2026-04-23,11:23:35,-0700,2026-04-23T11:23:35-07:00,shreybe,0,0
projects/projects.js,13,js,054b76eeab62b63f8b33526eea3dbd3c01ca7eec,2026-05-01,16:05:33,-0700,2026-05-01T16:05:33-07:00,shreybe,0,37
projects/projects.js,14,js,054b76eeab62b63f8b33526eea3dbd3c01ca7eec,2026-05-01,16:05:33,-0700,2026-05-01T16:05:33-07:00,shreybe,0,20
projects/projects.js,15,js,054b76eeab62b63f8b33526eea3dbd3c01ca7eec,2026-05-01,16:05:33,-0700,2026-05-01T16:05:33-07:00,shreybe,0,53
projects/projects.js,16,js,054b76eeab62b63f8b33526eea3dbd3c01ca7eec,2026-05-01,16:05:33,-0700,2026-05-01T16:05:33-07:00,shreybe,0,1
projects/projects.js,17,js,054b76eeab62b63f8b33526eea3dbd3c01ca7eec,2026-05-01,16:05:33,-0700,2026-05-01T16:05:33-07:00,shreybe,0,1
projects/projects.js,18,js,054b76eeab62b63f8b33526eea3dbd3c01ca7eec,2026-05-01,16:05:33,-0700,2026-05-01T16:05:33-07:00,shreybe,0,0
projects/projects.js,19,js,054b76eeab62b63f8b33526eea3dbd3c01ca7eec,2026-05-01,16:05:33,-0700,2026-05-01T16:05:33-07:00,shreybe,0,39
projects/projects.js,20,js,054b76eeab62b63f8b33526eea3dbd3c01ca7eec,2026-05-01,16:05:33,-0700,2026-05-01T16:05:33-07:00,shreybe,0,42
projects/projects.js,21,js,054b76eeab62b63f8b33526eea3dbd3c01ca7eec,2026-05-01,16:05:33,-0700,2026-05-01T16:05:33-07:00,shreybe,0,63
projects/projects.js,22,js,054b76eeab62b63f8b33526eea3dbd3c01ca7eec,2026-05-01,16:05:33,-0700,2026-05-01T16:05:33-07:00,shreybe,0,44
projects/projects.js,23,js,054b76eeab62b63f8b33526eea3dbd3c01ca7eec,2026-05-01,16:05:33,-0700,2026-05-01T16:05:33-07:00,shreybe,0,3
projects/projects.js,24,js,054b76eeab62b63f8b33526eea3dbd3c01ca7eec,2026-05-01,16:05:33,-0700,2026-05-01T16:05:33-07:00,shreybe,0,1
projects/projects.js,25,js,054b76eeab62b63f8b33526eea3dbd3c01ca7eec,2026-05-01,16:05:33,-0700,2026-05-01T16:05:33-07:00,shreybe,0,0
projects/projects.js,26,js,054b76eeab62b63f8b33526eea3dbd3c01ca7eec,2026-05-01,16:05:33,-0700,2026-05-01T16:05:33-07:00,shreybe,0,40
projects/projects.js,27,js,054b76eeab62b63f8b33526eea3dbd3c01ca7eec,2026-05-01,16:05:33,-0700,2026-05-01T16:05:33-07:00,shreybe,0,44
projects/projects.js,28,js,054b76eeab62b63f8b33526eea3dbd3c01ca7eec,2026-05-01,16:05:33,-0700,2026-05-01T16:05:33-07:00,shreybe,0,36
projects/projects.js,29,js,054b76eeab62b63f8b33526eea3dbd3c01ca7eec,2026-05-01,16:05:33,-0700,2026-05-01T16:05:33-07:00,shreybe,0,0
projects/projects.js,30,js,054b76eeab62b63f8b33526eea3dbd3c01ca7eec,2026-05-01,16:05:33,-0700,2026-05-01T16:05:33-07:00,shreybe,0,31
projects/projects.js,31,js,054b76eeab62b63f8b33526eea3dbd3c01ca7eec,2026-05-01,16:05:33,-0700,2026-05-01T16:05:33-07:00,shreybe,0,32
projects/projects.js,32,js,054b76eeab62b63f8b33526eea3dbd3c01ca7eec,2026-05-01,16:05:33,-0700,2026-05-01T16:05:33-07:00,shreybe,0,0
projects/projects.js,33,js,054b76eeab62b63f8b33526eea3dbd3c01ca7eec,2026-05-01,16:05:33,-0700,2026-05-01T16:05:33-07:00,shreybe,0,30
projects/projects.js,34,js,054b76eeab62b63f8b33526eea3dbd3c01ca7eec,2026-05-01,16:05:33,-0700,2026-05-01T16:05:33-07:00,shreybe,0,14
projects/projects.js,35,js,054b76eeab62b63f8b33526eea3dbd3c01ca7eec,2026-05-01,16:05:33,-0700,2026-05-01T16:05:33-07:00,shreybe,0,16
projects/projects.js,36,js,054b76eeab62b63f8b33526eea3dbd3c01ca7eec,2026-05-01,16:05:33,-0700,2026-05-01T16:05:33-07:00,shreybe,0,22
projects/projects.js,37,js,054b76eeab62b63f8b33526eea3dbd3c01ca7eec,2026-05-01,16:05:33,-0700,2026-05-01T16:05:33-07:00,shreybe,0,43
projects/projects.js,38,js,054b76eeab62b63f8b33526eea3dbd3c01ca7eec,2026-05-01,16:05:33,-0700,2026-05-01T16:05:33-07:00,shreybe,0,0
projects/projects.js,39,js,054b76eeab62b63f8b33526eea3dbd3c01ca7eec,2026-05-01,16:05:33,-0700,2026-05-01T16:05:33-07:00,shreybe,0,49
projects/projects.js,40,js,054b76eeab62b63f8b33526eea3dbd3c01ca7eec,2026-05-01,16:05:33,-0700,2026-05-01T16:05:33-07:00,shreybe,0,12
projects/projects.js,41,js,054b76eeab62b63f8b33526eea3dbd3c01ca7eec,2026-05-01,16:05:33,-0700,2026-05-01T16:05:33-07:00,shreybe,0,13
projects/projects.js,42,js,054b76eeab62b63f8b33526eea3dbd3c01ca7eec,2026-05-01,16:05:33,-0700,2026-05-01T16:05:33-07:00,shreybe,0,4
projects/projects.js,43,js,054b76eeab62b63f8b33526eea3dbd3c01ca7eec,2026-05-01,16:05:33,-0700,2026-05-01T16:05:33-07:00,shreybe,0,0
projects/projects.js,44,js,054b76eeab62b63f8b33526eea3dbd3c01ca7eec,2026-05-01,16:05:33,-0700,2026-05-01T16:05:33-07:00,shreybe,0,24
projects/projects.js,45,js,054b76eeab62b63f8b33526eea3dbd3c01ca7eec,2026-05-01,16:05:33,-0700,2026-05-01T16:05:33-07:00,shreybe,0,20
projects/projects.js,46,js,054b76eeab62b63f8b33526eea3dbd3c01ca7eec,2026-05-01,16:05:33,-0700,2026-05-01T16:05:33-07:00,shreybe,0,19
projects/projects.js,47,js,054b76eeab62b63f8b33526eea3dbd3c01ca7eec,2026-05-01,16:05:33,-0700,2026-05-01T16:05:33-07:00,shreybe,0,7
projects/projects.js,48,js,054b76eeab62b63f8b33526eea3dbd3c01ca7eec,2026-05-01,16:05:33,-0700,2026-05-01T16:05:33-07:00,shreybe,0,1
projects/projects.js,49,js,054b76eeab62b63f8b33526eea3dbd3c01ca7eec,2026-05-01,16:05:33,-0700,2026-05-01T16:05:33-07:00,shreybe,0,0
projects/projects.js,50,js,054b76eeab62b63f8b33526eea3dbd3c01ca7eec,2026-05-01,16:05:33,-0700,2026-05-01T16:05:33-07:00,shreybe,0,93
projects/projects.js,51,js,054b76eeab62b63f8b33526eea3dbd3c01ca7eec,2026-05-01,16:05:33,-0700,2026-05-01T16:05:33-07:00,shreybe,0,46
projects/projects.js,52,js,054b76eeab62b63f8b33526eea3dbd3c01ca7eec,2026-05-01,16:05:33,-0700,2026-05-01T16:05:33-07:00,shreybe,0,0
projects/projects.js,53,js,054b76eeab62b63f8b33526eea3dbd3c01ca7eec,2026-05-01,16:05:33,-0700,2026-05-01T16:05:33-07:00,shreybe,0,51
projects/projects.js,54,js,054b76eeab62b63f8b33526eea3dbd3c01ca7eec,2026-05-01,16:05:33,-0700,2026-05-01T16:05:33-07:00,shreybe,0,61
projects/projects.js,55,js,054b76eeab62b63f8b33526eea3dbd3c01ca7eec,2026-05-01,16:05:33,-0700,2026-05-01T16:05:33-07:00,shreybe,0,54
projects/projects.js,56,js,054b76eeab62b63f8b33526eea3dbd3c01ca7eec,2026-05-01,16:05:33,-0700,2026-05-01T16:05:33-07:00,shreybe,0,37
projects/projects.js,57,js,054b76eeab62b63f8b33526eea3dbd3c01ca7eec,2026-05-01,16:05:33,-0700,2026-05-01T16:05:33-07:00,shreybe,0,0
projects/projects.js,58,js,054b76eeab62b63f8b33526eea3dbd3c01ca7eec,2026-05-01,16:05:33,-0700,2026-05-01T16:05:33-07:00,shreybe,0,29
projects/projects.js,59,js,054b76eeab62b63f8b33526eea3dbd3c01ca7eec,2026-05-01,16:05:33,-0700,2026-05-01T16:05:33-07:00,shreybe,0,75
projects/projects.js,60,js,054b76eeab62b63f8b33526eea3dbd3c01ca7eec,2026-05-01,16:05:33,-0700,2026-05-01T16:05:33-07:00,shreybe,0,3
projects/projects.js,61,js,054b76eeab62b63f8b33526eea3dbd3c01ca7eec,2026-05-01,16:05:33,-0700,2026-05-01T16:05:33-07:00,shreybe,0,15
projects/projects.js,62,js,054b76eeab62b63f8b33526eea3dbd3c01ca7eec,2026-05-01,16:05:33,-0700,2026-05-01T16:05:33-07:00,shreybe,0,29
projects/projects.js,63,js,054b76eeab62b63f8b33526eea3dbd3c01ca7eec,2026-05-01,16:05:33,-0700,2026-05-01T16:05:33-07:00,shreybe,0,24
projects/projects.js,64,js,054b76eeab62b63f8b33526eea3dbd3c01ca7eec,2026-05-01,16:05:33,-0700,2026-05-01T16:05:33-07:00,shreybe,0,46
projects/projects.js,65,js,054b76eeab62b63f8b33526eea3dbd3c01ca7eec,2026-05-01,16:05:33,-0700,2026-05-01T16:05:33-07:00,shreybe,0,20
projects/projects.js,66,js,054b76eeab62b63f8b33526eea3dbd3c01ca7eec,2026-05-01,16:05:33,-0700,2026-05-01T16:05:33-07:00,shreybe,0,69
projects/projects.js,67,js,054b76eeab62b63f8b33526eea3dbd3c01ca7eec,2026-05-01,16:05:33,-0700,2026-05-01T16:05:33-07:00,shreybe,0,12
projects/projects.js,68,js,054b76eeab62b63f8b33526eea3dbd3c01ca7eec,2026-05-01,16:05:33,-0700,2026-05-01T16:05:33-07:00,shreybe,0,3
projects/projects.js,69,js,054b76eeab62b63f8b33526eea3dbd3c01ca7eec,2026-05-01,16:05:33,-0700,2026-05-01T16:05:33-07:00,shreybe,0,3
projects/projects.js,70,js,054b76eeab62b63f8b33526eea3dbd3c01ca7eec,2026-05-01,16:05:33,-0700,2026-05-01T16:05:33-07:00,shreybe,0,0
projects/projects.js,71,js,054b76eeab62b63f8b33526eea3dbd3c01ca7eec,2026-05-01,16:05:33,-0700,2026-05-01T16:05:33-07:00,shreybe,0,24
projects/projects.js,72,js,054b76eeab62b63f8b33526eea3dbd3c01ca7eec,2026-05-01,16:05:33,-0700,2026-05-01T16:05:33-07:00,shreybe,0,69
projects/projects.js,73,js,054b76eeab62b63f8b33526eea3dbd3c01ca7eec,2026-05-01,16:05:33,-0700,2026-05-01T16:05:33-07:00,shreybe,0,6
projects/projects.js,74,js,054b76eeab62b63f8b33526eea3dbd3c01ca7eec,2026-05-01,16:05:33,-0700,2026-05-01T16:05:33-07:00,shreybe,0,13
projects/projects.js,75,js,054b76eeab62b63f8b33526eea3dbd3c01ca7eec,2026-05-01,16:05:33,-0700,2026-05-01T16:05:33-07:00,shreybe,0,38
projects/projects.js,76,js,054b76eeab62b63f8b33526eea3dbd3c01ca7eec,2026-05-01,16:05:33,-0700,2026-05-01T16:05:33-07:00,shreybe,0,61
projects/projects.js,77,js,054b76eeab62b63f8b33526eea3dbd3c01ca7eec,2026-05-01,16:05:33,-0700,2026-05-01T16:05:33-07:00,shreybe,0,70
projects/projects.js,78,js,054b76eeab62b63f8b33526eea3dbd3c01ca7eec,2026-05-01,16:05:33,-0700,2026-05-01T16:05:33-07:00,shreybe,0,20
projects/projects.js,79,js,054b76eeab62b63f8b33526eea3dbd3c01ca7eec,2026-05-01,16:05:33,-0700,2026-05-01T16:05:33-07:00,shreybe,0,57
projects/projects.js,80,js,054b76eeab62b63f8b33526eea3dbd3c01ca7eec,2026-05-01,16:05:33,-0700,2026-05-01T16:05:33-07:00,shreybe,0,12
projects/projects.js,81,js,054b76eeab62b63f8b33526eea3dbd3c01ca7eec,2026-05-01,16:05:33,-0700,2026-05-01T16:05:33-07:00,shreybe,0,3
projects/projects.js,82,js,054b76eeab62b63f8b33526eea3dbd3c01ca7eec,2026-05-01,16:05:33,-0700,2026-05-01T16:05:33-07:00,shreybe,0,3
projects/projects.js,83,js,054b76eeab62b63f8b33526eea3dbd3c01ca7eec,2026-05-01,16:05:33,-0700,2026-05-01T16:05:33-07:00,shreybe,0,1
projects/projects.js,84,js,054b76eeab62b63f8b33526eea3dbd3c01ca7eec,2026-05-01,16:05:33,-0700,2026-05-01T16:05:33-07:00,shreybe,0,0
projects/projects.js,85,js,054b76eeab62b63f8b33526eea3dbd3c01ca7eec,2026-05-01,16:05:33,-0700,2026-05-01T16:05:33-07:00,shreybe,0,22
projects/projects.js,86,js,054b76eeab62b63f8b33526eea3dbd3c01ca7eec,2026-05-01,16:05:33,-0700,2026-05-01T16:05:33-07:00,shreybe,0,46
projects/projects.js,87,js,054b76eeab62b63f8b33526eea3dbd3c01ca7eec,2026-05-01,16:05:33,-0700,2026-05-01T16:05:33-07:00,shreybe,0,30
projects/projects.js,88,js,054b76eeab62b63f8b33526eea3dbd3c01ca7eec,2026-05-01,16:05:33,-0700,2026-05-01T16:05:33-07:00,shreybe,0,0
projects/projects.js,89,js,054b76eeab62b63f8b33526eea3dbd3c01ca7eec,2026-05-01,16:05:33,-0700,2026-05-01T16:05:33-07:00,shreybe,0,23
projects/projects.js,90,js,054b76eeab62b63f8b33526eea3dbd3c01ca7eec,2026-05-01,16:05:33,-0700,2026-05-01T16:05:33-07:00,shreybe,0,21
projects/projects.js,91,js,054b76eeab62b63f8b33526eea3dbd3c01ca7eec,2026-05-01,16:05:33,-0700,2026-05-01T16:05:33-07:00,shreybe,0,15
projects/projects.js,92,js,054b76eeab62b63f8b33526eea3dbd3c01ca7eec,2026-05-01,16:05:33,-0700,2026-05-01T16:05:33-07:00,shreybe,0,83
projects/projects.js,93,js,054b76eeab62b63f8b33526eea3dbd3c01ca7eec,2026-05-01,16:05:33,-0700,2026-05-01T16:05:33-07:00,shreybe,0,0
projects/projects.js,94,js,054b76eeab62b63f8b33526eea3dbd3c01ca7eec,2026-05-01,16:05:33,-0700,2026-05-01T16:05:33-07:00,shreybe,0,57
projects/projects.js,95,js,054b76eeab62b63f8b33526eea3dbd3c01ca7eec,2026-05-01,16:05:33,-0700,2026-05-01T16:05:33-07:00,shreybe,0,44
projects/projects.js,96,js,4bc2f53717488bb9dd7ee8ac6b06f7171c32c39b,2026-04-23,11:23:35,-0700,2026-04-23T11:23:35-07:00,shreybe,0,1
projects/projects.js,97,js,054b76eeab62b63f8b33526eea3dbd3c01ca7eec,2026-05-01,16:05:33,-0700,2026-05-01T16:05:33-07:00,shreybe,0,0
projects/projects.js,98,js,054b76eeab62b63f8b33526eea3dbd3c01ca7eec,2026-05-01,16:05:33,-0700,2026-05-01T16:05:33-07:00,shreybe,0,51
projects/projects.js,99,js,054b76eeab62b63f8b33526eea3dbd3c01ca7eec,2026-05-01,16:05:33,-0700,2026-05-01T16:05:33-07:00,shreybe,0,34
projects/projects.js,100,js,054b76eeab62b63f8b33526eea3dbd3c01ca7eec,2026-05-01,16:05:33,-0700,2026-05-01T16:05:33-07:00,shreybe,0,12
projects/projects.js,101,js,054b76eeab62b63f8b33526eea3dbd3c01ca7eec,2026-05-01,16:05:33,-0700,2026-05-01T16:05:33-07:00,shreybe,0,3
projects/projects.js,102,js,054b76eeab62b63f8b33526eea3dbd3c01ca7eec,2026-05-01,16:05:33,-0700,2026-05-01T16:05:33-07:00,shreybe,0,0
projects/projects.js,103,js,054b76eeab62b63f8b33526eea3dbd3c01ca7eec,2026-05-01,16:05:33,-0700,2026-05-01T16:05:33-07:00,shreybe,0,12
style.css,1,css,3124886630a9d06ccc55567c7385b61f12868531,2026-04-10,11:59:31,-0700,2026-04-10T11:59:31-07:00,shreybe,0,46
style.css,2,css,3124886630a9d06ccc55567c7385b61f12868531,2026-04-10,11:59:31,-0700,2026-04-10T11:59:31-07:00,shreybe,0,7
style.css,3,css,3124886630a9d06ccc55567c7385b61f12868531,2026-04-10,11:59:31,-0700,2026-04-10T11:59:31-07:00,shreybe,0,33
style.css,4,css,35ab0ed9700fe4f2772c716002639f068d390b2a,2026-04-17,11:00:51,-0700,2026-04-17T11:00:51-07:00,shreybe,0,29
style.css,5,css,3124886630a9d06ccc55567c7385b61f12868531,2026-04-10,11:59:31,-0700,2026-04-10T11:59:31-07:00,shreybe,0,1
style.css,6,css,3124886630a9d06ccc55567c7385b61f12868531,2026-04-10,11:59:31,-0700,2026-04-10T11:59:31-07:00,shreybe,0,0
style.css,7,css,3124886630a9d06ccc55567c7385b61f12868531,2026-04-10,11:59:31,-0700,2026-04-10T11:59:31-07:00,shreybe,0,6
style.css,8,css,006fe0ebf9b86dabc2a201503fb1df74d030f624,2026-04-17,10:48:25,-0700,2026-04-17T10:48:25-07:00,shreybe,0,25
style.css,9,css,3124886630a9d06ccc55567c7385b61f12868531,2026-04-10,11:59:31,-0700,2026-04-10T11:59:31-07:00,shreybe,0,34
style.css,10,css,3124886630a9d06ccc55567c7385b61f12868531,2026-04-10,11:59:31,-0700,2026-04-10T11:59:31-07:00,shreybe,0,1
style.css,11,css,3124886630a9d06ccc55567c7385b61f12868531,2026-04-10,11:59:31,-0700,2026-04-10T11:59:31-07:00,shreybe,0,0
style.css,12,css,3124886630a9d06ccc55567c7385b61f12868531,2026-04-10,11:59:31,-0700,2026-04-10T11:59:31-07:00,shreybe,0,6
style.css,13,css,006fe0ebf9b86dabc2a201503fb1df74d030f624,2026-04-17,10:48:25,-0700,2026-04-17T10:48:25-07:00,shreybe,0,19
style.css,14,css,3124886630a9d06ccc55567c7385b61f12868531,2026-04-10,11:59:31,-0700,2026-04-10T11:59:31-07:00,shreybe,0,25
style.css,15,css,3124886630a9d06ccc55567c7385b61f12868531,2026-04-10,11:59:31,-0700,2026-04-10T11:59:31-07:00,shreybe,0,17
style.css,16,css,3124886630a9d06ccc55567c7385b61f12868531,2026-04-10,11:59:31,-0700,2026-04-10T11:59:31-07:00,shreybe,0,20
style.css,17,css,3124886630a9d06ccc55567c7385b61f12868531,2026-04-10,11:59:31,-0700,2026-04-10T11:59:31-07:00,shreybe,0,20
style.css,18,css,3124886630a9d06ccc55567c7385b61f12868531,2026-04-10,11:59:31,-0700,2026-04-10T11:59:31-07:00,shreybe,0,1
style.css,19,css,3124886630a9d06ccc55567c7385b61f12868531,2026-04-10,11:59:31,-0700,2026-04-10T11:59:31-07:00,shreybe,0,0
style.css,20,css,006fe0ebf9b86dabc2a201503fb1df74d030f624,2026-04-17,10:48:25,-0700,2026-04-17T10:48:25-07:00,shreybe,0,38
style.css,21,css,006fe0ebf9b86dabc2a201503fb1df74d030f624,2026-04-17,10:48:25,-0700,2026-04-17T10:48:25-07:00,shreybe,0,15
style.css,22,css,006fe0ebf9b86dabc2a201503fb1df74d030f624,2026-04-17,10:48:25,-0700,2026-04-17T10:48:25-07:00,shreybe,0,19
style.css,23,css,006fe0ebf9b86dabc2a201503fb1df74d030f624,2026-04-17,10:48:25,-0700,2026-04-17T10:48:25-07:00,shreybe,0,10
style.css,24,css,006fe0ebf9b86dabc2a201503fb1df74d030f624,2026-04-17,10:48:25,-0700,2026-04-17T10:48:25-07:00,shreybe,0,12
style.css,25,css,006fe0ebf9b86dabc2a201503fb1df74d030f624,2026-04-17,10:48:25,-0700,2026-04-17T10:48:25-07:00,shreybe,0,12
style.css,26,css,006fe0ebf9b86dabc2a201503fb1df74d030f624,2026-04-17,10:48:25,-0700,2026-04-17T10:48:25-07:00,shreybe,0,15
style.css,27,css,cacb3957c2b1bc59a9847109bb92aab5fbda98ee,2026-04-17,10:58:39,-0700,2026-04-17T10:58:39-07:00,shreybe,0,20
style.css,28,css,35ab0ed9700fe4f2772c716002639f068d390b2a,2026-04-17,11:00:51,-0700,2026-04-17T11:00:51-07:00,shreybe,0,34
style.css,29,css,35ab0ed9700fe4f2772c716002639f068d390b2a,2026-04-17,11:00:51,-0700,2026-04-17T11:00:51-07:00,shreybe,0,14
style.css,30,css,35ab0ed9700fe4f2772c716002639f068d390b2a,2026-04-17,11:00:51,-0700,2026-04-17T11:00:51-07:00,shreybe,0,26
style.css,31,css,35ab0ed9700fe4f2772c716002639f068d390b2a,2026-04-17,11:00:51,-0700,2026-04-17T11:00:51-07:00,shreybe,0,20
style.css,32,css,35ab0ed9700fe4f2772c716002639f068d390b2a,2026-04-17,11:00:51,-0700,2026-04-17T11:00:51-07:00,shreybe,0,13
style.css,33,css,006fe0ebf9b86dabc2a201503fb1df74d030f624,2026-04-17,10:48:25,-0700,2026-04-17T10:48:25-07:00,shreybe,0,1
style.css,34,css,006fe0ebf9b86dabc2a201503fb1df74d030f624,2026-04-17,10:48:25,-0700,2026-04-17T10:48:25-07:00,shreybe,0,0
style.css,35,css,006fe0ebf9b86dabc2a201503fb1df74d030f624,2026-04-17,10:48:25,-0700,2026-04-17T10:48:25-07:00,shreybe,0,22
style.css,36,css,006fe0ebf9b86dabc2a201503fb1df74d030f624,2026-04-17,10:48:25,-0700,2026-04-17T10:48:25-07:00,shreybe,0,14
style.css,37,css,006fe0ebf9b86dabc2a201503fb1df74d030f624,2026-04-17,10:48:25,-0700,2026-04-17T10:48:25-07:00,shreybe,0,1
style.css,38,css,006fe0ebf9b86dabc2a201503fb1df74d030f624,2026-04-17,10:48:25,-0700,2026-04-17T10:48:25-07:00,shreybe,0,0
style.css,39,css,3124886630a9d06ccc55567c7385b61f12868531,2026-04-10,11:59:31,-0700,2026-04-10T11:59:31-07:00,shreybe,0,82
style.css,40,css,3124886630a9d06ccc55567c7385b61f12868531,2026-04-10,11:59:31,-0700,2026-04-10T11:59:31-07:00,shreybe,0,50
style.css,41,css,3124886630a9d06ccc55567c7385b61f12868531,2026-04-10,11:59:31,-0700,2026-04-10T11:59:31-07:00,shreybe,0,0
style.css,42,css,3124886630a9d06ccc55567c7385b61f12868531,2026-04-10,11:59:31,-0700,2026-04-10T11:59:31-07:00,shreybe,0,4
style.css,43,css,3124886630a9d06ccc55567c7385b61f12868531,2026-04-10,11:59:31,-0700,2026-04-10T11:59:31-07:00,shreybe,0,16
style.css,44,css,3124886630a9d06ccc55567c7385b61f12868531,2026-04-10,11:59:31,-0700,2026-04-10T11:59:31-07:00,shreybe,0,17
style.css,45,css,3124886630a9d06ccc55567c7385b61f12868531,2026-04-10,11:59:31,-0700,2026-04-10T11:59:31-07:00,shreybe,0,19
style.css,46,css,3124886630a9d06ccc55567c7385b61f12868531,2026-04-10,11:59:31,-0700,2026-04-10T11:59:31-07:00,shreybe,0,1
style.css,47,css,3124886630a9d06ccc55567c7385b61f12868531,2026-04-10,11:59:31,-0700,2026-04-10T11:59:31-07:00,shreybe,0,0
style.css,48,css,3124886630a9d06ccc55567c7385b61f12868531,2026-04-10,11:59:31,-0700,2026-04-10T11:59:31-07:00,shreybe,0,3
style.css,49,css,3124886630a9d06ccc55567c7385b61f12868531,2026-04-10,11:59:31,-0700,2026-04-10T11:59:31-07:00,shreybe,0,3
style.css,50,css,3124886630a9d06ccc55567c7385b61f12868531,2026-04-10,11:59:31,-0700,2026-04-10T11:59:31-07:00,shreybe,0,3
style.css,51,css,3124886630a9d06ccc55567c7385b61f12868531,2026-04-10,11:59:31,-0700,2026-04-10T11:59:31-07:00,shreybe,0,3
style.css,52,css,3124886630a9d06ccc55567c7385b61f12868531,2026-04-10,11:59:31,-0700,2026-04-10T11:59:31-07:00,shreybe,0,4
style.css,53,css,3124886630a9d06ccc55567c7385b61f12868531,2026-04-10,11:59:31,-0700,2026-04-10T11:59:31-07:00,shreybe,0,17
style.css,54,css,3124886630a9d06ccc55567c7385b61f12868531,2026-04-10,11:59:31,-0700,2026-04-10T11:59:31-07:00,shreybe,0,19
style.css,55,css,3124886630a9d06ccc55567c7385b61f12868531,2026-04-10,11:59:31,-0700,2026-04-10T11:59:31-07:00,shreybe,0,1
style.css,56,css,3124886630a9d06ccc55567c7385b61f12868531,2026-04-10,11:59:31,-0700,2026-04-10T11:59:31-07:00,shreybe,0,0
style.css,57,css,3124886630a9d06ccc55567c7385b61f12868531,2026-04-10,11:59:31,-0700,2026-04-10T11:59:31-07:00,shreybe,0,5
style.css,58,css,3124886630a9d06ccc55567c7385b61f12868531,2026-04-10,11:59:31,-0700,2026-04-10T11:59:31-07:00,shreybe,0,16
style.css,59,css,3124886630a9d06ccc55567c7385b61f12868531,2026-04-10,11:59:31,-0700,2026-04-10T11:59:31-07:00,shreybe,0,13
style.css,60,css,3124886630a9d06ccc55567c7385b61f12868531,2026-04-10,11:59:31,-0700,2026-04-10T11:59:31-07:00,shreybe,0,1
style.css,61,css,3124886630a9d06ccc55567c7385b61f12868531,2026-04-10,11:59:31,-0700,2026-04-10T11:59:31-07:00,shreybe,0,0
style.css,62,css,3124886630a9d06ccc55567c7385b61f12868531,2026-04-10,11:59:31,-0700,2026-04-10T11:59:31-07:00,shreybe,0,16
style.css,63,css,3124886630a9d06ccc55567c7385b61f12868531,2026-04-10,11:59:31,-0700,2026-04-10T11:59:31-07:00,shreybe,0,28
style.css,64,css,3124886630a9d06ccc55567c7385b61f12868531,2026-04-10,11:59:31,-0700,2026-04-10T11:59:31-07:00,shreybe,0,13
style.css,65,css,3124886630a9d06ccc55567c7385b61f12868531,2026-04-10,11:59:31,-0700,2026-04-10T11:59:31-07:00,shreybe,0,15
style.css,66,css,3124886630a9d06ccc55567c7385b61f12868531,2026-04-10,11:59:31,-0700,2026-04-10T11:59:31-07:00,shreybe,0,1
style.css,67,css,3124886630a9d06ccc55567c7385b61f12868531,2026-04-10,11:59:31,-0700,2026-04-10T11:59:31-07:00,shreybe,0,0
style.css,68,css,006fe0ebf9b86dabc2a201503fb1df74d030f624,2026-04-17,10:48:25,-0700,2026-04-17T10:48:25-07:00,shreybe,0,63
style.css,69,css,3124886630a9d06ccc55567c7385b61f12868531,2026-04-10,11:59:31,-0700,2026-04-10T11:59:31-07:00,shreybe,0,5
style.css,70,css,006fe0ebf9b86dabc2a201503fb1df74d030f624,2026-04-17,10:48:25,-0700,2026-04-17T10:48:25-07:00,shreybe,0,41
style.css,71,css,3124886630a9d06ccc55567c7385b61f12868531,2026-04-10,11:59:31,-0700,2026-04-10T11:59:31-07:00,shreybe,0,14
style.css,72,css,3124886630a9d06ccc55567c7385b61f12868531,2026-04-10,11:59:31,-0700,2026-04-10T11:59:31-07:00,shreybe,0,19
style.css,73,css,35ab0ed9700fe4f2772c716002639f068d390b2a,2026-04-17,11:00:51,-0700,2026-04-17T11:00:51-07:00,shreybe,0,55
style.css,74,css,006fe0ebf9b86dabc2a201503fb1df74d030f624,2026-04-17,10:48:25,-0700,2026-04-17T10:48:25-07:00,shreybe,0,45
style.css,75,css,3124886630a9d06ccc55567c7385b61f12868531,2026-04-10,11:59:31,-0700,2026-04-10T11:59:31-07:00,shreybe,0,1
style.css,76,css,3124886630a9d06ccc55567c7385b61f12868531,2026-04-10,11:59:31,-0700,2026-04-10T11:59:31-07:00,shreybe,0,0
style.css,77,css,3124886630a9d06ccc55567c7385b61f12868531,2026-04-10,11:59:31,-0700,2026-04-10T11:59:31-07:00,shreybe,0,7
style.css,78,css,3124886630a9d06ccc55567c7385b61f12868531,2026-04-10,11:59:31,-0700,2026-04-10T11:59:31-07:00,shreybe,0,8
style.css,79,css,3124886630a9d06ccc55567c7385b61f12868531,2026-04-10,11:59:31,-0700,2026-04-10T11:59:31-07:00,shreybe,0,15
style.css,80,css,3124886630a9d06ccc55567c7385b61f12868531,2026-04-10,11:59:31,-0700,2026-04-10T11:59:31-07:00,shreybe,0,36
style.css,81,css,3124886630a9d06ccc55567c7385b61f12868531,2026-04-10,11:59:31,-0700,2026-04-10T11:59:31-07:00,shreybe,0,19
style.css,82,css,3124886630a9d06ccc55567c7385b61f12868531,2026-04-10,11:59:31,-0700,2026-04-10T11:59:31-07:00,shreybe,0,22
style.css,83,css,3124886630a9d06ccc55567c7385b61f12868531,2026-04-10,11:59:31,-0700,2026-04-10T11:59:31-07:00,shreybe,0,15
style.css,84,css,3124886630a9d06ccc55567c7385b61f12868531,2026-04-10,11:59:31,-0700,2026-04-10T11:59:31-07:00,shreybe,0,23
style.css,85,css,3124886630a9d06ccc55567c7385b61f12868531,2026-04-10,11:59:31,-0700,2026-04-10T11:59:31-07:00,shreybe,0,39
style.css,86,css,3124886630a9d06ccc55567c7385b61f12868531,2026-04-10,11:59:31,-0700,2026-04-10T11:59:31-07:00,shreybe,0,1
style.css,87,css,3124886630a9d06ccc55567c7385b61f12868531,2026-04-10,11:59:31,-0700,2026-04-10T11:59:31-07:00,shreybe,0,0
style.css,88,css,3124886630a9d06ccc55567c7385b61f12868531,2026-04-10,11:59:31,-0700,2026-04-10T11:59:31-07:00,shreybe,0,13
style.css,89,css,3124886630a9d06ccc55567c7385b61f12868531,2026-04-10,11:59:31,-0700,2026-04-10T11:59:31-07:00,shreybe,0,41
style.css,90,css,006fe0ebf9b86dabc2a201503fb1df74d030f624,2026-04-17,10:48:25,-0700,2026-04-17T10:48:25-07:00,shreybe,0,71
style.css,91,css,3124886630a9d06ccc55567c7385b61f12868531,2026-04-10,11:59:31,-0700,2026-04-10T11:59:31-07:00,shreybe,0,1
style.css,92,css,3124886630a9d06ccc55567c7385b61f12868531,2026-04-10,11:59:31,-0700,2026-04-10T11:59:31-07:00,shreybe,0,0
style.css,93,css,3124886630a9d06ccc55567c7385b61f12868531,2026-04-10,11:59:31,-0700,2026-04-10T11:59:31-07:00,shreybe,0,15
style.css,94,css,3124886630a9d06ccc55567c7385b61f12868531,2026-04-10,11:59:31,-0700,2026-04-10T11:59:31-07:00,shreybe,0,39
style.css,95,css,3124886630a9d06ccc55567c7385b61f12868531,2026-04-10,11:59:31,-0700,2026-04-10T11:59:31-07:00,shreybe,0,1
style.css,96,css,3124886630a9d06ccc55567c7385b61f12868531,2026-04-10,11:59:31,-0700,2026-04-10T11:59:31-07:00,shreybe,0,0
style.css,97,css,cacb3957c2b1bc59a9847109bb92aab5fbda98ee,2026-04-17,10:58:39,-0700,2026-04-17T10:58:39-07:00,shreybe,0,27
style.css,98,css,cacb3957c2b1bc59a9847109bb92aab5fbda98ee,2026-04-17,10:58:39,-0700,2026-04-17T10:58:39-07:00,shreybe,0,5
style.css,99,css,cacb3957c2b1bc59a9847109bb92aab5fbda98ee,2026-04-17,10:58:39,-0700,2026-04-17T10:58:39-07:00,shreybe,0,17
style.css,100,css,cacb3957c2b1bc59a9847109bb92aab5fbda98ee,2026-04-17,10:58:39,-0700,2026-04-17T10:58:39-07:00,shreybe,0,20
style.css,101,css,cacb3957c2b1bc59a9847109bb92aab5fbda98ee,2026-04-17,10:58:39,-0700,2026-04-17T10:58:39-07:00,shreybe,0,1
style.css,102,css,35ab0ed9700fe4f2772c716002639f068d390b2a,2026-04-17,11:00:51,-0700,2026-04-17T11:00:51-07:00,shreybe,0,0
style.css,103,css,35ab0ed9700fe4f2772c716002639f068d390b2a,2026-04-17,11:00:51,-0700,2026-04-17T11:00:51-07:00,shreybe,0,15
style.css,104,css,35ab0ed9700fe4f2772c716002639f068d390b2a,2026-04-17,11:00:51,-0700,2026-04-17T11:00:51-07:00,shreybe,0,12
style.css,105,css,35ab0ed9700fe4f2772c716002639f068d390b2a,2026-04-17,11:00:51,-0700,2026-04-17T11:00:51-07:00,shreybe,0,1
style.css,106,css,cacb3957c2b1bc59a9847109bb92aab5fbda98ee,2026-04-17,10:58:39,-0700,2026-04-17T10:58:39-07:00,shreybe,0,1
style.css,107,css,cacb3957c2b1bc59a9847109bb92aab5fbda98ee,2026-04-17,10:58:39,-0700,2026-04-17T10:58:39-07:00,shreybe,0,0
style.css,108,css,3124886630a9d06ccc55567c7385b61f12868531,2026-04-10,11:59:31,-0700,2026-04-10T11:59:31-07:00,shreybe,0,35
style.css,109,css,3124886630a9d06ccc55567c7385b61f12868531,2026-04-10,11:59:31,-0700,2026-04-10T11:59:31-07:00,shreybe,0,15
style.css,110,css,3124886630a9d06ccc55567c7385b61f12868531,2026-04-10,11:59:31,-0700,2026-04-10T11:59:31-07:00,shreybe,0,14
style.css,111,css,3124886630a9d06ccc55567c7385b61f12868531,2026-04-10,11:59:31,-0700,2026-04-10T11:59:31-07:00,shreybe,0,32
style.css,112,css,3124886630a9d06ccc55567c7385b61f12868531,2026-04-10,11:59:31,-0700,2026-04-10T11:59:31-07:00,shreybe,0,9
style.css,113,css,3124886630a9d06ccc55567c7385b61f12868531,2026-04-10,11:59:31,-0700,2026-04-10T11:59:31-07:00,shreybe,0,19
style.css,114,css,3124886630a9d06ccc55567c7385b61f12868531,2026-04-10,11:59:31,-0700,2026-04-10T11:59:31-07:00,shreybe,0,1
style.css,115,css,3124886630a9d06ccc55567c7385b61f12868531,2026-04-10,11:59:31,-0700,2026-04-10T11:59:31-07:00,shreybe,0,0
style.css,116,css,3124886630a9d06ccc55567c7385b61f12868531,2026-04-10,11:59:31,-0700,2026-04-10T11:59:31-07:00,shreybe,0,21
style.css,117,css,3124886630a9d06ccc55567c7385b61f12868531,2026-04-10,11:59:31,-0700,2026-04-10T11:59:31-07:00,shreybe,0,14
style.css,118,css,3124886630a9d06ccc55567c7385b61f12868531,2026-04-10,11:59:31,-0700,2026-04-10T11:59:31-07:00,shreybe,0,31
style.css,119,css,3124886630a9d06ccc55567c7385b61f12868531,2026-04-10,11:59:31,-0700,2026-04-10T11:59:31-07:00,shreybe,0,20
style.css,120,css,3124886630a9d06ccc55567c7385b61f12868531,2026-04-10,11:59:31,-0700,2026-04-10T11:59:31-07:00,shreybe,0,1
style.css,121,css,3124886630a9d06ccc55567c7385b61f12868531,2026-04-10,11:59:31,-0700,2026-04-10T11:59:31-07:00,shreybe,0,0
style.css,122,css,3124886630a9d06ccc55567c7385b61f12868531,2026-04-10,11:59:31,-0700,2026-04-10T11:59:31-07:00,shreybe,0,22
style.css,123,css,3124886630a9d06ccc55567c7385b61f12868531,2026-04-10,11:59:31,-0700,2026-04-10T11:59:31-07:00,shreybe,0,20
style.css,124,css,3124886630a9d06ccc55567c7385b61f12868531,2026-04-10,11:59:31,-0700,2026-04-10T11:59:31-07:00,shreybe,0,1
style.css,125,css,3124886630a9d06ccc55567c7385b61f12868531,2026-04-10,11:59:31,-0700,2026-04-10T11:59:31-07:00,shreybe,0,0
style.css,126,css,3124886630a9d06ccc55567c7385b61f12868531,2026-04-10,11:59:31,-0700,2026-04-10T11:59:31-07:00,shreybe,0,20
style.css,127,css,3124886630a9d06ccc55567c7385b61f12868531,2026-04-10,11:59:31,-0700,2026-04-10T11:59:31-07:00,shreybe,0,23
style.css,128,css,006fe0ebf9b86dabc2a201503fb1df74d030f624,2026-04-17,10:48:25,-0700,2026-04-17T10:48:25-07:00,shreybe,0,21
style.css,129,css,006fe0ebf9b86dabc2a201503fb1df74d030f624,2026-04-17,10:48:25,-0700,2026-04-17T10:48:25-07:00,shreybe,0,22
style.css,130,css,3124886630a9d06ccc55567c7385b61f12868531,2026-04-10,11:59:31,-0700,2026-04-10T11:59:31-07:00,shreybe,0,14
style.css,131,css,3124886630a9d06ccc55567c7385b61f12868531,2026-04-10,11:59:31,-0700,2026-04-10T11:59:31-07:00,shreybe,0,1
style.css,132,css,3124886630a9d06ccc55567c7385b61f12868531,2026-04-10,11:59:31,-0700,2026-04-10T11:59:31-07:00,shreybe,0,0
style.css,133,css,3124886630a9d06ccc55567c7385b61f12868531,2026-04-10,11:59:31,-0700,2026-04-10T11:59:31-07:00,shreybe,0,20
style.css,134,css,3124886630a9d06ccc55567c7385b61f12868531,2026-04-10,11:59:31,-0700,2026-04-10T11:59:31-07:00,shreybe,0,24
style.css,135,css,3124886630a9d06ccc55567c7385b61f12868531,2026-04-10,11:59:31,-0700,2026-04-10T11:59:31-07:00,shreybe,0,23
style.css,136,css,3124886630a9d06ccc55567c7385b61f12868531,2026-04-10,11:59:31,-0700,2026-04-10T11:59:31-07:00,shreybe,0,12
style.css,137,css,3124886630a9d06ccc55567c7385b61f12868531,2026-04-10,11:59:31,-0700,2026-04-10T11:59:31-07:00,shreybe,0,13
style.css,138,css,3124886630a9d06ccc55567c7385b61f12868531,2026-04-10,11:59:31,-0700,2026-04-10T11:59:31-07:00,shreybe,0,1
style.css,139,css,3124886630a9d06ccc55567c7385b61f12868531,2026-04-10,11:59:31,-0700,2026-04-10T11:59:31-07:00,shreybe,0,0
style.css,140,css,3124886630a9d06ccc55567c7385b61f12868531,2026-04-10,11:59:31,-0700,2026-04-10T11:59:31-07:00,shreybe,0,24
style.css,141,css,3124886630a9d06ccc55567c7385b61f12868531,2026-04-10,11:59:31,-0700,2026-04-10T11:59:31-07:00,shreybe,0,17
style.css,142,css,3124886630a9d06ccc55567c7385b61f12868531,2026-04-10,11:59:31,-0700,2026-04-10T11:59:31-07:00,shreybe,0,17
style.css,143,css,3124886630a9d06ccc55567c7385b61f12868531,2026-04-10,11:59:31,-0700,2026-04-10T11:59:31-07:00,shreybe,0,1
style.css,144,css,3124886630a9d06ccc55567c7385b61f12868531,2026-04-10,11:59:31,-0700,2026-04-10T11:59:31-07:00,shreybe,0,0
style.css,145,css,3124886630a9d06ccc55567c7385b61f12868531,2026-04-10,11:59:31,-0700,2026-04-10T11:59:31-07:00,shreybe,0,22
style.css,146,css,3124886630a9d06ccc55567c7385b61f12868531,2026-04-10,11:59:31,-0700,2026-04-10T11:59:31-07:00,shreybe,0,20
style.css,147,css,3124886630a9d06ccc55567c7385b61f12868531,2026-04-10,11:59:31,-0700,2026-04-10T11:59:31-07:00,shreybe,0,20
style.css,148,css,006fe0ebf9b86dabc2a201503fb1df74d030f624,2026-04-17,10:48:25,-0700,2026-04-17T10:48:25-07:00,shreybe,0,43
style.css,149,css,3124886630a9d06ccc55567c7385b61f12868531,2026-04-10,11:59:31,-0700,2026-04-10T11:59:31-07:00,shreybe,0,19
style.css,150,css,52880af3d422c1639fb7c593f5506cb17a819c65,2026-04-23,11:51:10,-0700,2026-04-23T11:51:10-07:00,shreybe,0,32
style.css,151,css,52880af3d422c1639fb7c593f5506cb17a819c65,2026-04-23,11:51:10,-0700,2026-04-23T11:51:10-07:00,shreybe,0,13
style.css,152,css,52880af3d422c1639fb7c593f5506cb17a819c65,2026-04-23,11:51:10,-0700,2026-04-23T11:51:10-07:00,shreybe,0,17
style.css,153,css,3124886630a9d06ccc55567c7385b61f12868531,2026-04-10,11:59:31,-0700,2026-04-10T11:59:31-07:00,shreybe,0,16
style.css,154,css,3124886630a9d06ccc55567c7385b61f12868531,2026-04-10,11:59:31,-0700,2026-04-10T11:59:31-07:00,shreybe,0,1
style.css,155,css,3124886630a9d06ccc55567c7385b61f12868531,2026-04-10,11:59:31,-0700,2026-04-10T11:59:31-07:00,shreybe,0,0
style.css,156,css,3124886630a9d06ccc55567c7385b61f12868531,2026-04-10,11:59:31,-0700,2026-04-10T11:59:31-07:00,shreybe,0,28
style.css,157,css,52880af3d422c1639fb7c593f5506cb17a819c65,2026-04-23,11:51:10,-0700,2026-04-23T11:51:10-07:00,shreybe,0,52
style.css,158,css,52880af3d422c1639fb7c593f5506cb17a819c65,2026-04-23,11:51:10,-0700,2026-04-23T11:51:10-07:00,shreybe,0,1
style.css,159,css,52880af3d422c1639fb7c593f5506cb17a819c65,2026-04-23,11:51:10,-0700,2026-04-23T11:51:10-07:00,shreybe,0,0
style.css,160,css,52880af3d422c1639fb7c593f5506cb17a819c65,2026-04-23,11:51:10,-0700,2026-04-23T11:51:10-07:00,shreybe,0,31
style.css,161,css,52880af3d422c1639fb7c593f5506cb17a819c65,2026-04-23,11:51:10,-0700,2026-04-23T11:51:10-07:00,shreybe,0,14
style.css,162,css,3124886630a9d06ccc55567c7385b61f12868531,2026-04-10,11:59:31,-0700,2026-04-10T11:59:31-07:00,shreybe,0,1
style.css,163,css,3124886630a9d06ccc55567c7385b61f12868531,2026-04-10,11:59:31,-0700,2026-04-10T11:59:31-07:00,shreybe,0,0
style.css,164,css,dbd86241e6327da61668d87450e8dbe1c0250489,2026-04-10,12:11:25,-0700,2026-04-10T12:11:25-07:00,shreybe,0,78
style.css,165,css,3124886630a9d06ccc55567c7385b61f12868531,2026-04-10,11:59:31,-0700,2026-04-10T11:59:31-07:00,shreybe,0,11
style.css,166,css,3124886630a9d06ccc55567c7385b61f12868531,2026-04-10,11:59:31,-0700,2026-04-10T11:59:31-07:00,shreybe,0,14
style.css,167,css,3124886630a9d06ccc55567c7385b61f12868531,2026-04-10,11:59:31,-0700,2026-04-10T11:59:31-07:00,shreybe,0,60
style.css,168,css,3124886630a9d06ccc55567c7385b61f12868531,2026-04-10,11:59:31,-0700,2026-04-10T11:59:31-07:00,shreybe,0,9
style.css,169,css,dbd86241e6327da61668d87450e8dbe1c0250489,2026-04-10,12:11:25,-0700,2026-04-10T12:11:25-07:00,shreybe,0,19
style.css,170,css,3124886630a9d06ccc55567c7385b61f12868531,2026-04-10,11:59:31,-0700,2026-04-10T11:59:31-07:00,shreybe,0,1
style.css,171,css,3124886630a9d06ccc55567c7385b61f12868531,2026-04-10,11:59:31,-0700,2026-04-10T11:59:31-07:00,shreybe,0,0
style.css,172,css,3124886630a9d06ccc55567c7385b61f12868531,2026-04-10,11:59:31,-0700,2026-04-10T11:59:31-07:00,shreybe,0,19
style.css,173,css,d0a7f759bf2b406bf00bd9a3b35bb9bd6637d4fa,2026-04-23,11:32:33,-0700,2026-04-23T11:32:33-07:00,shreybe,0,14
style.css,174,css,d0a7f759bf2b406bf00bd9a3b35bb9bd6637d4fa,2026-04-23,11:32:33,-0700,2026-04-23T11:32:33-07:00,shreybe,0,23
style.css,175,css,d0a7f759bf2b406bf00bd9a3b35bb9bd6637d4fa,2026-04-23,11:32:33,-0700,2026-04-23T11:32:33-07:00,shreybe,0,12
style.css,176,css,d0a7f759bf2b406bf00bd9a3b35bb9bd6637d4fa,2026-04-23,11:32:33,-0700,2026-04-23T11:32:33-07:00,shreybe,0,13
style.css,177,css,3124886630a9d06ccc55567c7385b61f12868531,2026-04-10,11:59:31,-0700,2026-04-10T11:59:31-07:00,shreybe,0,1
style.css,178,css,3124886630a9d06ccc55567c7385b61f12868531,2026-04-10,11:59:31,-0700,2026-04-10T11:59:31-07:00,shreybe,0,0
style.css,179,css,dbd86241e6327da61668d87450e8dbe1c0250489,2026-04-10,12:11:25,-0700,2026-04-10T12:11:25-07:00,shreybe,0,22
style.css,180,css,3124886630a9d06ccc55567c7385b61f12868531,2026-04-10,11:59:31,-0700,2026-04-10T11:59:31-07:00,shreybe,0,10
style.css,181,css,d0a7f759bf2b406bf00bd9a3b35bb9bd6637d4fa,2026-04-23,11:32:33,-0700,2026-04-23T11:32:33-07:00,shreybe,0,18
style.css,182,css,e3e9ac92eb310048295f770aff9ca6fdf4d419e5,2026-04-23,11:38:55,-0700,2026-04-23T11:38:55-07:00,shreybe,0,19
style.css,183,css,e3e9ac92eb310048295f770aff9ca6fdf4d419e5,2026-04-23,11:38:55,-0700,2026-04-23T11:38:55-07:00,shreybe,0,14
style.css,184,css,e3e9ac92eb310048295f770aff9ca6fdf4d419e5,2026-04-23,11:38:55,-0700,2026-04-23T11:38:55-07:00,shreybe,0,22
style.css,185,css,3124886630a9d06ccc55567c7385b61f12868531,2026-04-10,11:59:31,-0700,2026-04-10T11:59:31-07:00,shreybe,0,1
style.css,186,css,3124886630a9d06ccc55567c7385b61f12868531,2026-04-10,11:59:31,-0700,2026-04-10T11:59:31-07:00,shreybe,0,0
style.css,187,css,dbd86241e6327da61668d87450e8dbe1c0250489,2026-04-10,12:11:25,-0700,2026-04-10T12:11:25-07:00,shreybe,0,23
style.css,188,css,3124886630a9d06ccc55567c7385b61f12868531,2026-04-10,11:59:31,-0700,2026-04-10T11:59:31-07:00,shreybe,0,12
style.css,189,css,3124886630a9d06ccc55567c7385b61f12868531,2026-04-10,11:59:31,-0700,2026-04-10T11:59:31-07:00,shreybe,0,13
style.css,190,css,3124886630a9d06ccc55567c7385b61f12868531,2026-04-10,11:59:31,-0700,2026-04-10T11:59:31-07:00,shreybe,0,15
style.css,191,css,3124886630a9d06ccc55567c7385b61f12868531,2026-04-10,11:59:31,-0700,2026-04-10T11:59:31-07:00,shreybe,0,1
style.css,192,css,3124886630a9d06ccc55567c7385b61f12868531,2026-04-10,11:59:31,-0700,2026-04-10T11:59:31-07:00,shreybe,0,0
style.css,193,css,dbd86241e6327da61668d87450e8dbe1c0250489,2026-04-10,12:11:25,-0700,2026-04-10T12:11:25-07:00,shreybe,0,21
style.css,194,css,dbd86241e6327da61668d87450e8dbe1c0250489,2026-04-10,12:11:25,-0700,2026-04-10T12:11:25-07:00,shreybe,0,10
style.css,195,css,dbd86241e6327da61668d87450e8dbe1c0250489,2026-04-10,12:11:25,-0700,2026-04-10T12:11:25-07:00,shreybe,0,1
style.css,196,css,dbd86241e6327da61668d87450e8dbe1c0250489,2026-04-10,12:11:25,-0700,2026-04-10T12:11:25-07:00,shreybe,0,0
style.css,197,css,054b76eeab62b63f8b33526eea3dbd3c01ca7eec,2026-05-01,16:05:33,-0700,2026-05-01T16:05:33-07:00,shreybe,0,28
style.css,198,css,054b76eeab62b63f8b33526eea3dbd3c01ca7eec,2026-05-01,16:05:33,-0700,2026-05-01T16:05:33-07:00,shreybe,0,14
style.css,199,css,054b76eeab62b63f8b33526eea3dbd3c01ca7eec,2026-05-01,16:05:33,-0700,2026-05-01T16:05:33-07:00,shreybe,0,13
style.css,200,css,054b76eeab62b63f8b33526eea3dbd3c01ca7eec,2026-05-01,16:05:33,-0700,2026-05-01T16:05:33-07:00,shreybe,0,1
style.css,201,css,054b76eeab62b63f8b33526eea3dbd3c01ca7eec,2026-05-01,16:05:33,-0700,2026-05-01T16:05:33-07:00,shreybe,0,0
style.css,202,css,4bc2f53717488bb9dd7ee8ac6b06f7171c32c39b,2026-04-23,11:23:35,-0700,2026-04-23T11:23:35-07:00,shreybe,0,25
style.css,203,css,4bc2f53717488bb9dd7ee8ac6b06f7171c32c39b,2026-04-23,11:23:35,-0700,2026-04-23T11:23:35-07:00,shreybe,0,10
style.css,204,css,4bc2f53717488bb9dd7ee8ac6b06f7171c32c39b,2026-04-23,11:23:35,-0700,2026-04-23T11:23:35-07:00,shreybe,0,17
style.css,205,css,4bc2f53717488bb9dd7ee8ac6b06f7171c32c39b,2026-04-23,11:23:35,-0700,2026-04-23T11:23:35-07:00,shreybe,0,25
style.css,206,css,054b76eeab62b63f8b33526eea3dbd3c01ca7eec,2026-05-01,16:05:33,-0700,2026-05-01T16:05:33-07:00,shreybe,0,32
style.css,207,css,054b76eeab62b63f8b33526eea3dbd3c01ca7eec,2026-05-01,16:05:33,-0700,2026-05-01T16:05:33-07:00,shreybe,0,36
style.css,208,css,4bc2f53717488bb9dd7ee8ac6b06f7171c32c39b,2026-04-23,11:23:35,-0700,2026-04-23T11:23:35-07:00,shreybe,0,1
style.css,209,css,4bc2f53717488bb9dd7ee8ac6b06f7171c32c39b,2026-04-23,11:23:35,-0700,2026-04-23T11:23:35-07:00,shreybe,0,0
style.css,210,css,4bc2f53717488bb9dd7ee8ac6b06f7171c32c39b,2026-04-23,11:23:35,-0700,2026-04-23T11:23:35-07:00,shreybe,0,16
style.css,211,css,4bc2f53717488bb9dd7ee8ac6b06f7171c32c39b,2026-04-23,11:23:35,-0700,2026-04-23T11:23:35-07:00,shreybe,0,17
style.css,212,css,4bc2f53717488bb9dd7ee8ac6b06f7171c32c39b,2026-04-23,11:23:35,-0700,2026-04-23T11:23:35-07:00,shreybe,0,14
style.css,213,css,4bc2f53717488bb9dd7ee8ac6b06f7171c32c39b,2026-04-23,11:23:35,-0700,2026-04-23T11:23:35-07:00,shreybe,0,36
style.css,214,css,4bc2f53717488bb9dd7ee8ac6b06f7171c32c39b,2026-04-23,11:23:35,-0700,2026-04-23T11:23:35-07:00,shreybe,0,19
style.css,215,css,4bc2f53717488bb9dd7ee8ac6b06f7171c32c39b,2026-04-23,11:23:35,-0700,2026-04-23T11:23:35-07:00,shreybe,0,1
style.css,216,css,4bc2f53717488bb9dd7ee8ac6b06f7171c32c39b,2026-04-23,11:23:35,-0700,2026-04-23T11:23:35-07:00,shreybe,0,0
style.css,217,css,4bc2f53717488bb9dd7ee8ac6b06f7171c32c39b,2026-04-23,11:23:35,-0700,2026-04-23T11:23:35-07:00,shreybe,0,19
style.css,218,css,4bc2f53717488bb9dd7ee8ac6b06f7171c32c39b,2026-04-23,11:23:35,-0700,2026-04-23T11:23:35-07:00,shreybe,0,14
style.css,219,css,4bc2f53717488bb9dd7ee8ac6b06f7171c32c39b,2026-04-23,11:23:35,-0700,2026-04-23T11:23:35-07:00,shreybe,0,49
style.css,220,css,4bc2f53717488bb9dd7ee8ac6b06f7171c32c39b,2026-04-23,11:23:35,-0700,2026-04-23T11:23:35-07:00,shreybe,0,10
style.css,221,css,4bc2f53717488bb9dd7ee8ac6b06f7171c32c39b,2026-04-23,11:23:35,-0700,2026-04-23T11:23:35-07:00,shreybe,0,18
style.css,222,css,4bc2f53717488bb9dd7ee8ac6b06f7171c32c39b,2026-04-23,11:23:35,-0700,2026-04-23T11:23:35-07:00,shreybe,0,1
style.css,223,css,4bc2f53717488bb9dd7ee8ac6b06f7171c32c39b,2026-04-23,11:23:35,-0700,2026-04-23T11:23:35-07:00,shreybe,0,0
style.css,224,css,4bc2f53717488bb9dd7ee8ac6b06f7171c32c39b,2026-04-23,11:23:35,-0700,2026-04-23T11:23:35-07:00,shreybe,0,19
style.css,225,css,4bc2f53717488bb9dd7ee8ac6b06f7171c32c39b,2026-04-23,11:23:35,-0700,2026-04-23T11:23:35-07:00,shreybe,0,12
style.css,226,css,4bc2f53717488bb9dd7ee8ac6b06f7171c32c39b,2026-04-23,11:23:35,-0700,2026-04-23T11:23:35-07:00,shreybe,0,10
style.css,227,css,4bc2f53717488bb9dd7ee8ac6b06f7171c32c39b,2026-04-23,11:23:35,-0700,2026-04-23T11:23:35-07:00,shreybe,0,17
style.css,228,css,4bc2f53717488bb9dd7ee8ac6b06f7171c32c39b,2026-04-23,11:23:35,-0700,2026-04-23T11:23:35-07:00,shreybe,0,1
style.css,229,css,4bc2f53717488bb9dd7ee8ac6b06f7171c32c39b,2026-04-23,11:23:35,-0700,2026-04-23T11:23:35-07:00,shreybe,0,0
style.css,230,css,4bc2f53717488bb9dd7ee8ac6b06f7171c32c39b,2026-04-23,11:23:35,-0700,2026-04-23T11:23:35-07:00,shreybe,0,19
style.css,231,css,4bc2f53717488bb9dd7ee8ac6b06f7171c32c39b,2026-04-23,11:23:35,-0700,2026-04-23T11:23:35-07:00,shreybe,0,12
style.css,232,css,4bc2f53717488bb9dd7ee8ac6b06f7171c32c39b,2026-04-23,11:23:35,-0700,2026-04-23T11:23:35-07:00,shreybe,0,10
style.css,233,css,4bc2f53717488bb9dd7ee8ac6b06f7171c32c39b,2026-04-23,11:23:35,-0700,2026-04-23T11:23:35-07:00,shreybe,0,18
style.css,234,css,4bc2f53717488bb9dd7ee8ac6b06f7171c32c39b,2026-04-23,11:23:35,-0700,2026-04-23T11:23:35-07:00,shreybe,0,1
style.css,235,css,4bc2f53717488bb9dd7ee8ac6b06f7171c32c39b,2026-04-23,11:23:35,-0700,2026-04-23T11:23:35-07:00,shreybe,0,0
style.css,236,css,3124886630a9d06ccc55567c7385b61f12868531,2026-04-10,11:59:31,-0700,2026-04-10T11:59:31-07:00,shreybe,0,13
style.css,237,css,3124886630a9d06ccc55567c7385b61f12868531,2026-04-10,11:59:31,-0700,2026-04-10T11:59:31-07:00,shreybe,0,14
style.css,238,css,3124886630a9d06ccc55567c7385b61f12868531,2026-04-10,11:59:31,-0700,2026-04-10T11:59:31-07:00,shreybe,0,22
style.css,239,css,3124886630a9d06ccc55567c7385b61f12868531,2026-04-10,11:59:31,-0700,2026-04-10T11:59:31-07:00,shreybe,0,1
style.css,240,css,3124886630a9d06ccc55567c7385b61f12868531,2026-04-10,11:59:31,-0700,2026-04-10T11:59:31-07:00,shreybe,0,0
style.css,241,css,3124886630a9d06ccc55567c7385b61f12868531,2026-04-10,11:59:31,-0700,2026-04-10T11:59:31-07:00,shreybe,0,24
style.css,242,css,3124886630a9d06ccc55567c7385b61f12868531,2026-04-10,11:59:31,-0700,2026-04-10T11:59:31-07:00,shreybe,0,17
style.css,243,css,3124886630a9d06ccc55567c7385b61f12868531,2026-04-10,11:59:31,-0700,2026-04-10T11:59:31-07:00,shreybe,0,21
style.css,244,css,3124886630a9d06ccc55567c7385b61f12868531,2026-04-10,11:59:31,-0700,2026-04-10T11:59:31-07:00,shreybe,0,40
style.css,245,css,3124886630a9d06ccc55567c7385b61f12868531,2026-04-10,11:59:31,-0700,2026-04-10T11:59:31-07:00,shreybe,0,1
style.css,246,css,3124886630a9d06ccc55567c7385b61f12868531,2026-04-10,11:59:31,-0700,2026-04-10T11:59:31-07:00,shreybe,0,0
style.css,247,css,3124886630a9d06ccc55567c7385b61f12868531,2026-04-10,11:59:31,-0700,2026-04-10T11:59:31-07:00,shreybe,0,38
style.css,248,css,3124886630a9d06ccc55567c7385b61f12868531,2026-04-10,11:59:31,-0700,2026-04-10T11:59:31-07:00,shreybe,0,17
style.css,249,css,3124886630a9d06ccc55567c7385b61f12868531,2026-04-10,11:59:31,-0700,2026-04-10T11:59:31-07:00,shreybe,0,15
style.css,250,css,3124886630a9d06ccc55567c7385b61f12868531,2026-04-10,11:59:31,-0700,2026-04-10T11:59:31-07:00,shreybe,0,1
style.css,251,css,3124886630a9d06ccc55567c7385b61f12868531,2026-04-10,11:59:31,-0700,2026-04-10T11:59:31-07:00,shreybe,0,0
style.css,252,css,3124886630a9d06ccc55567c7385b61f12868531,2026-04-10,11:59:31,-0700,2026-04-10T11:59:31-07:00,shreybe,0,17
style.css,253,css,3124886630a9d06ccc55567c7385b61f12868531,2026-04-10,11:59:31,-0700,2026-04-10T11:59:31-07:00,shreybe,0,14
style.css,254,css,3124886630a9d06ccc55567c7385b61f12868531,2026-04-10,11:59:31,-0700,2026-04-10T11:59:31-07:00,shreybe,0,25
style.css,255,css,3124886630a9d06ccc55567c7385b61f12868531,2026-04-10,11:59:31,-0700,2026-04-10T11:59:31-07:00,shreybe,0,54
style.css,256,css,3124886630a9d06ccc55567c7385b61f12868531,2026-04-10,11:59:31,-0700,2026-04-10T11:59:31-07:00,shreybe,0,28
style.css,257,css,3124886630a9d06ccc55567c7385b61f12868531,2026-04-10,11:59:31,-0700,2026-04-10T11:59:31-07:00,shreybe,0,1
style.css,258,css,3124886630a9d06ccc55567c7385b61f12868531,2026-04-10,11:59:31,-0700,2026-04-10T11:59:31-07:00,shreybe,0,0
style.css,259,css,3124886630a9d06ccc55567c7385b61f12868531,2026-04-10,11:59:31,-0700,2026-04-10T11:59:31-07:00,shreybe,0,32
style.css,260,css,3124886630a9d06ccc55567c7385b61f12868531,2026-04-10,11:59:31,-0700,2026-04-10T11:59:31-07:00,shreybe,0,22
style.css,261,css,3124886630a9d06ccc55567c7385b61f12868531,2026-04-10,11:59:31,-0700,2026-04-10T11:59:31-07:00,shreybe,0,1
style.css,262,css,3124886630a9d06ccc55567c7385b61f12868531,2026-04-10,11:59:31,-0700,2026-04-10T11:59:31-07:00,shreybe,0,0
style.css,263,css,3124886630a9d06ccc55567c7385b61f12868531,2026-04-10,11:59:31,-0700,2026-04-10T11:59:31-07:00,shreybe,0,31
style.css,264,css,3124886630a9d06ccc55567c7385b61f12868531,2026-04-10,11:59:31,-0700,2026-04-10T11:59:31-07:00,shreybe,0,14
style.css,265,css,3124886630a9d06ccc55567c7385b61f12868531,2026-04-10,11:59:31,-0700,2026-04-10T11:59:31-07:00,shreybe,0,18
style.css,266,css,3124886630a9d06ccc55567c7385b61f12868531,2026-04-10,11:59:31,-0700,2026-04-10T11:59:31-07:00,shreybe,0,25
style.css,267,css,3124886630a9d06ccc55567c7385b61f12868531,2026-04-10,11:59:31,-0700,2026-04-10T11:59:31-07:00,shreybe,0,1
style.css,268,css,3124886630a9d06ccc55567c7385b61f12868531,2026-04-10,11:59:31,-0700,2026-04-10T11:59:31-07:00,shreybe,0,0
style.css,269,css,3124886630a9d06ccc55567c7385b61f12868531,2026-04-10,11:59:31,-0700,2026-04-10T11:59:31-07:00,shreybe,0,23
style.css,270,css,3124886630a9d06ccc55567c7385b61f12868531,2026-04-10,11:59:31,-0700,2026-04-10T11:59:31-07:00,shreybe,0,27
style.css,271,css,3124886630a9d06ccc55567c7385b61f12868531,2026-04-10,11:59:31,-0700,2026-04-10T11:59:31-07:00,shreybe,0,1
style.css,272,css,054b76eeab62b63f8b33526eea3dbd3c01ca7eec,2026-05-01,16:05:33,-0700,2026-05-01T16:05:33-07:00,shreybe,0,0
style.css,273,css,054b76eeab62b63f8b33526eea3dbd3c01ca7eec,2026-05-01,16:05:33,-0700,2026-05-01T16:05:33-07:00,shreybe,0,15
style.css,274,css,054b76eeab62b63f8b33526eea3dbd3c01ca7eec,2026-05-01,16:05:33,-0700,2026-05-01T16:05:33-07:00,shreybe,0,14
style.css,275,css,054b76eeab62b63f8b33526eea3dbd3c01ca7eec,2026-05-01,16:05:33,-0700,2026-05-01T16:05:33-07:00,shreybe,0,19
style.css,276,css,054b76eeab62b63f8b33526eea3dbd3c01ca7eec,2026-05-01,16:05:33,-0700,2026-05-01T16:05:33-07:00,shreybe,0,10
style.css,277,css,054b76eeab62b63f8b33526eea3dbd3c01ca7eec,2026-05-01,16:05:33,-0700,2026-05-01T16:05:33-07:00,shreybe,0,26
style.css,278,css,054b76eeab62b63f8b33526eea3dbd3c01ca7eec,2026-05-01,16:05:33,-0700,2026-05-01T16:05:33-07:00,shreybe,0,1
style.css,279,css,054b76eeab62b63f8b33526eea3dbd3c01ca7eec,2026-05-01,16:05:33,-0700,2026-05-01T16:05:33-07:00,shreybe,0,0
style.css,280,css,054b76eeab62b63f8b33526eea3dbd3c01ca7eec,2026-05-01,16:05:33,-0700,2026-05-01T16:05:33-07:00,shreybe,0,20
style.css,281,css,054b76eeab62b63f8b33526eea3dbd3c01ca7eec,2026-05-01,16:05:33,-0700,2026-05-01T16:05:33-07:00,shreybe,0,16
style.css,282,css,054b76eeab62b63f8b33526eea3dbd3c01ca7eec,2026-05-01,16:05:33,-0700,2026-05-01T16:05:33-07:00,shreybe,0,20
style.css,283,css,054b76eeab62b63f8b33526eea3dbd3c01ca7eec,2026-05-01,16:05:33,-0700,2026-05-01T16:05:33-07:00,shreybe,0,18
style.css,284,css,054b76eeab62b63f8b33526eea3dbd3c01ca7eec,2026-05-01,16:05:33,-0700,2026-05-01T16:05:33-07:00,shreybe,0,15
style.css,285,css,054b76eeab62b63f8b33526eea3dbd3c01ca7eec,2026-05-01,16:05:33,-0700,2026-05-01T16:05:33-07:00,shreybe,0,1
style.css,286,css,054b76eeab62b63f8b33526eea3dbd3c01ca7eec,2026-05-01,16:05:33,-0700,2026-05-01T16:05:33-07:00,shreybe,0,0
style.css,287,css,054b76eeab62b63f8b33526eea3dbd3c01ca7eec,2026-05-01,16:05:33,-0700,2026-05-01T16:05:33-07:00,shreybe,0,25
style.css,288,css,054b76eeab62b63f8b33526eea3dbd3c01ca7eec,2026-05-01,16:05:33,-0700,2026-05-01T16:05:33-07:00,shreybe,0,16
style.css,289,css,054b76eeab62b63f8b33526eea3dbd3c01ca7eec,2026-05-01,16:05:33,-0700,2026-05-01T16:05:33-07:00,shreybe,0,18
style.css,290,css,054b76eeab62b63f8b33526eea3dbd3c01ca7eec,2026-05-01,16:05:33,-0700,2026-05-01T16:05:33-07:00,shreybe,0,1
style.css,291,css,054b76eeab62b63f8b33526eea3dbd3c01ca7eec,2026-05-01,16:05:33,-0700,2026-05-01T16:05:33-07:00,shreybe,0,0
style.css,292,css,054b76eeab62b63f8b33526eea3dbd3c01ca7eec,2026-05-01,16:05:33,-0700,2026-05-01T16:05:33-07:00,shreybe,0,53
style.css,293,css,054b76eeab62b63f8b33526eea3dbd3c01ca7eec,2026-05-01,16:05:33,-0700,2026-05-01T16:05:33-07:00,shreybe,0,13
style.css,294,css,054b76eeab62b63f8b33526eea3dbd3c01ca7eec,2026-05-01,16:05:33,-0700,2026-05-01T16:05:33-07:00,shreybe,0,1
style.css,295,css,054b76eeab62b63f8b33526eea3dbd3c01ca7eec,2026-05-01,16:05:33,-0700,2026-05-01T16:05:33-07:00,shreybe,0,0
style.css,296,css,054b76eeab62b63f8b33526eea3dbd3c01ca7eec,2026-05-01,16:05:33,-0700,2026-05-01T16:05:33-07:00,shreybe,0,9
style.css,297,css,054b76eeab62b63f8b33526eea3dbd3c01ca7eec,2026-05-01,16:05:33,-0700,2026-05-01T16:05:33-07:00,shreybe,0,8
style.css,298,css,054b76eeab62b63f8b33526eea3dbd3c01ca7eec,2026-05-01,16:05:33,-0700,2026-05-01T16:05:33-07:00,shreybe,0,14
style.css,299,css,054b76eeab62b63f8b33526eea3dbd3c01ca7eec,2026-05-01,16:05:33,-0700,2026-05-01T16:05:33-07:00,shreybe,0,59
style.css,300,css,054b76eeab62b63f8b33526eea3dbd3c01ca7eec,2026-05-01,16:05:33,-0700,2026-05-01T16:05:33-07:00,shreybe,0,18
style.css,301,css,054b76eeab62b63f8b33526eea3dbd3c01ca7eec,2026-05-01,16:05:33,-0700,2026-05-01T16:05:33-07:00,shreybe,0,10
style.css,302,css,054b76eeab62b63f8b33526eea3dbd3c01ca7eec,2026-05-01,16:05:33,-0700,2026-05-01T16:05:33-07:00,shreybe,0,17
style.css,303,css,054b76eeab62b63f8b33526eea3dbd3c01ca7eec,2026-05-01,16:05:33,-0700,2026-05-01T16:05:33-07:00,shreybe,0,36
style.css,304,css,054b76eeab62b63f8b33526eea3dbd3c01ca7eec,2026-05-01,16:05:33,-0700,2026-05-01T16:05:33-07:00,shreybe,0,19
style.css,305,css,054b76eeab62b63f8b33526eea3dbd3c01ca7eec,2026-05-01,16:05:33,-0700,2026-05-01T16:05:33-07:00,shreybe,0,17
style.css,306,css,054b76eeab62b63f8b33526eea3dbd3c01ca7eec,2026-05-01,16:05:33,-0700,2026-05-01T16:05:33-07:00,shreybe,0,1
style.css,307,css,054b76eeab62b63f8b33526eea3dbd3c01ca7eec,2026-05-01,16:05:33,-0700,2026-05-01T16:05:33-07:00,shreybe,0,0
style.css,308,css,054b76eeab62b63f8b33526eea3dbd3c01ca7eec,2026-05-01,16:05:33,-0700,2026-05-01T16:05:33-07:00,shreybe,0,14
style.css,309,css,054b76eeab62b63f8b33526eea3dbd3c01ca7eec,2026-05-01,16:05:33,-0700,2026-05-01T16:05:33-07:00,shreybe,0,14
style.css,310,css,054b76eeab62b63f8b33526eea3dbd3c01ca7eec,2026-05-01,16:05:33,-0700,2026-05-01T16:05:33-07:00,shreybe,0,20
style.css,311,css,054b76eeab62b63f8b33526eea3dbd3c01ca7eec,2026-05-01,16:05:33,-0700,2026-05-01T16:05:33-07:00,shreybe,0,13
style.css,312,css,054b76eeab62b63f8b33526eea3dbd3c01ca7eec,2026-05-01,16:05:33,-0700,2026-05-01T16:05:33-07:00,shreybe,0,16
style.css,313,css,054b76eeab62b63f8b33526eea3dbd3c01ca7eec,2026-05-01,16:05:33,-0700,2026-05-01T16:05:33-07:00,shreybe,0,1
style.css,314,css,054b76eeab62b63f8b33526eea3dbd3c01ca7eec,2026-05-01,16:05:33,-0700,2026-05-01T16:05:33-07:00,shreybe,0,0
style.css,315,css,054b76eeab62b63f8b33526eea3dbd3c01ca7eec,2026-05-01,16:05:33,-0700,2026-05-01T16:05:33-07:00,shreybe,0,22
style.css,316,css,054b76eeab62b63f8b33526eea3dbd3c01ca7eec,2026-05-01,16:05:33,-0700,2026-05-01T16:05:33-07:00,shreybe,0,11
style.css,317,css,054b76eeab62b63f8b33526eea3dbd3c01ca7eec,2026-05-01,16:05:33,-0700,2026-05-01T16:05:33-07:00,shreybe,0,20
style.css,318,css,054b76eeab62b63f8b33526eea3dbd3c01ca7eec,2026-05-01,16:05:33,-0700,2026-05-01T16:05:33-07:00,shreybe,0,21
style.css,319,css,054b76eeab62b63f8b33526eea3dbd3c01ca7eec,2026-05-01,16:05:33,-0700,2026-05-01T16:05:33-07:00,shreybe,0,25
style.css,320,css,054b76eeab62b63f8b33526eea3dbd3c01ca7eec,2026-05-01,16:05:33,-0700,2026-05-01T16:05:33-07:00,shreybe,0,22
style.css,321,css,054b76eeab62b63f8b33526eea3dbd3c01ca7eec,2026-05-01,16:05:33,-0700,2026-05-01T16:05:33-07:00,shreybe,0,1
style.css,322,css,054b76eeab62b63f8b33526eea3dbd3c01ca7eec,2026-05-01,16:05:33,-0700,2026-05-01T16:05:33-07:00,shreybe,0,0
style.css,323,css,054b76eeab62b63f8b33526eea3dbd3c01ca7eec,2026-05-01,16:05:33,-0700,2026-05-01T16:05:33-07:00,shreybe,0,11
style.css,324,css,054b76eeab62b63f8b33526eea3dbd3c01ca7eec,2026-05-01,16:05:33,-0700,2026-05-01T16:05:33-07:00,shreybe,0,37
style.css,325,css,054b76eeab62b63f8b33526eea3dbd3c01ca7eec,2026-05-01,16:05:33,-0700,2026-05-01T16:05:33-07:00,shreybe,0,1
style.css,326,css,054b76eeab62b63f8b33526eea3dbd3c01ca7eec,2026-05-01,16:05:33,-0700,2026-05-01T16:05:33-07:00,shreybe,0,0
style.css,327,css,054b76eeab62b63f8b33526eea3dbd3c01ca7eec,2026-05-01,16:05:33,-0700,2026-05-01T16:05:33-07:00,shreybe,0,20
style.css,328,css,054b76eeab62b63f8b33526eea3dbd3c01ca7eec,2026-05-01,16:05:33,-0700,2026-05-01T16:05:33-07:00,shreybe,0,19
style.css,329,css,054b76eeab62b63f8b33526eea3dbd3c01ca7eec,2026-05-01,16:05:33,-0700,2026-05-01T16:05:33-07:00,shreybe,0,1
style.css,330,css,054b76eeab62b63f8b33526eea3dbd3c01ca7eec,2026-05-01,16:05:33,-0700,2026-05-01T16:05:33-07:00,shreybe,0,0
style.css,331,css,054b76eeab62b63f8b33526eea3dbd3c01ca7eec,2026-05-01,16:05:33,-0700,2026-05-01T16:05:33-07:00,shreybe,0,23
style.css,332,css,054b76eeab62b63f8b33526eea3dbd3c01ca7eec,2026-05-01,16:05:33,-0700,2026-05-01T16:05:33-07:00,shreybe,0,17
style.css,333,css,054b76eeab62b63f8b33526eea3dbd3c01ca7eec,2026-05-01,16:05:33,-0700,2026-05-01T16:05:33-07:00,shreybe,0,1
style.css,334,css,054b76eeab62b63f8b33526eea3dbd3c01ca7eec,2026-05-01,16:05:33,-0700,2026-05-01T16:05:33-07:00,shreybe,0,0
style.css,335,css,054b76eeab62b63f8b33526eea3dbd3c01ca7eec,2026-05-01,16:05:33,-0700,2026-05-01T16:05:33-07:00,shreybe,0,12
style.css,336,css,054b76eeab62b63f8b33526eea3dbd3c01ca7eec,2026-05-01,16:05:33,-0700,2026-05-01T16:05:33-07:00,shreybe,0,12
style.css,337,css,054b76eeab62b63f8b33526eea3dbd3c01ca7eec,2026-05-01,16:05:33,-0700,2026-05-01T16:05:33-07:00,shreybe,0,17
style.css,338,css,054b76eeab62b63f8b33526eea3dbd3c01ca7eec,2026-05-01,16:05:33,-0700,2026-05-01T16:05:33-07:00,shreybe,0,24
style.css,339,css,054b76eeab62b63f8b33526eea3dbd3c01ca7eec,2026-05-01,16:05:33,-0700,2026-05-01T16:05:33-07:00,shreybe,0,20
style.css,340,css,054b76eeab62b63f8b33526eea3dbd3c01ca7eec,2026-05-01,16:05:33,-0700,2026-05-01T16:05:33-07:00,shreybe,0,14
style.css,341,css,054b76eeab62b63f8b33526eea3dbd3c01ca7eec,2026-05-01,16:05:33,-0700,2026-05-01T16:05:33-07:00,shreybe,0,1
style.css,342,css,054b76eeab62b63f8b33526eea3dbd3c01ca7eec,2026-05-01,16:05:33,-0700,2026-05-01T16:05:33-07:00,shreybe,0,0
style.css,343,css,054b76eeab62b63f8b33526eea3dbd3c01ca7eec,2026-05-01,16:05:33,-0700,2026-05-01T16:05:33-07:00,shreybe,0,27
style.css,344,css,054b76eeab62b63f8b33526eea3dbd3c01ca7eec,2026-05-01,16:05:33,-0700,2026-05-01T16:05:33-07:00,shreybe,0,15
style.css,345,css,054b76eeab62b63f8b33526eea3dbd3c01ca7eec,2026-05-01,16:05:33,-0700,2026-05-01T16:05:33-07:00,shreybe,0,23
style.css,346,css,054b76eeab62b63f8b33526eea3dbd3c01ca7eec,2026-05-01,16:05:33,-0700,2026-05-01T16:05:33-07:00,shreybe,0,1
style.css,347,css,054b76eeab62b63f8b33526eea3dbd3c01ca7eec,2026-05-01,16:05:33,-0700,2026-05-01T16:05:33-07:00,shreybe,0,1
